Buy,Catalog,Closet Image,ClothGroup ID,Color 1,Color 2,DIY,Exchange Currency,Exchange Price,Filename,Gender,HHA Base Points,Internal ID,Label Themes,Mannequin Season,Name,Season/Event,Season/Event Exclusive,Seasonal Availability,Seasonality,Sell,Size,Sort Order,Source,Source Notes,Storage Image,Style 1,Style 2,Unique Entry ID,Unlocked?,Variation,Version Added,Villager Equippable
700,For sale,,621,Pink,Red,No,NA,NA,SocksTexAerobics0,Free,23,5197,sporty,NA,aerobics leggings,NA,NA,All Year,All Year,175,1x1,1,Kicks; Kicks' Co-op,,,Active,Active,Smui8G3P6D8WgqK9G,Yes,Red & pink,1.0.0,No
700,For sale,,621,Pink,Red,No,NA,NA,SocksTexAerobics0,Free,23,5197,sporty,NA,aerobics leggings,NA,NA,All Year,All Year,175,1x1,1,Kicks; Kicks' Co-op,,,Active,Active,Smui8G3P6D8WgqK9G,Yes,Red & pink,1.0.0,No
700,For sale,,621,Pink,Aqua,No,NA,NA,SocksTexAerobics3,Free,23,9796,sporty,NA,aerobics leggings,NA,NA,All Year,All Year,175,1x1,2,Kicks; Kicks' Co-op,,,Active,Active,nYBBFZjyvYjTSN4fD,Yes,Light blue & salmon pink,1.0.0,No
700,For sale,,621,Orange,Purple,No,NA,NA,SocksTexAerobics2,Free,23,9795,sporty,NA,aerobics leggings,NA,NA,All Year,All Year,175,1x1,3,Kicks; Kicks' Co-op,,,Active,Active,jWvfpeefbhQpHQFoM,Yes,Purple & orange,1.0.0,No
700,For sale,,621,Green,Aqua,No,NA,NA,SocksTexAerobics1,Free,23,9794,sporty,NA,aerobics leggings,NA,NA,All Year,All Year,175,1x1,4,Kicks; Kicks' Co-op,,,Active,Active,eZKx89GvGsXcSDiMk,Yes,Emerald & lime,1.0.0,No
700,For sale,,621,Blue,Yellow,No,NA,NA,SocksTexAerobics4,Free,23,9797,sporty,NA,aerobics leggings,NA,NA,All Year,All Year,175,1x1,5,Kicks; Kicks' Co-op,,,Active,Active,gYqiyt5aP9KjqNnXQ,Yes,Yellow & blue,1.0.0,No
720,For sale,,536,White,White,No,NA,NA,SocksTexAlan1,Free,51,9058,everyday; comfy,NA,Aran-knit socks,Winter (shopping),No,Winter,Winter,180,1x1,1,Able Sisters,Available from either Mabel's temporary shop or Able Sisters shop,,Simple,Elegant,XX9wX5KzyENyLGa5e,Yes,White,1.0.0,No
720,For sale,,536,Black,Black,No,NA,NA,SocksTexAlan5,Free,51,9062,everyday; comfy,NA,Aran-knit socks,Winter (shopping),No,Winter,Winter,180,1x1,2,Able Sisters,Available from either Mabel's temporary shop or Able Sisters shop,,Simple,Elegant,pLZq39rKg8rn454r4,Yes,Black,1.0.0,No
720,For sale,,536,Red,Red,No,NA,NA,SocksTexAlan2,Free,51,9059,everyday; comfy,NA,Aran-knit socks,Winter (shopping),No,Winter,Winter,180,1x1,3,Able Sisters,Available from either Mabel's temporary shop or Able Sisters shop,,Simple,Elegant,7xkmotJQfLFN6Rohx,Yes,Red,1.0.0,No
720,For sale,,536,Green,Green,No,NA,NA,SocksTexAlan3,Free,51,9060,everyday; comfy,NA,Aran-knit socks,Winter (shopping),No,Winter,Winter,180,1x1,4,Able Sisters,Available from either Mabel's temporary shop or Able Sisters shop,,Simple,Elegant,NH6u8astq42zMebAa,Yes,Green,1.0.0,No
720,For sale,,536,Blue,Blue,No,NA,NA,SocksTexAlan4,Free,51,9061,everyday; comfy,NA,Aran-knit socks,Winter (shopping),No,Winter,Winter,180,1x1,5,Able Sisters,Available from either Mabel's temporary shop or Able Sisters shop,,Simple,Elegant,Gardfqrryv6SLZSQB,Yes,Blue,1.0.0,No
720,For sale,,536,Beige,Beige,No,NA,NA,SocksTexAlan0,Free,51,4742,everyday; comfy,NA,Aran-knit socks,Winter (shopping),No,Winter,Winter,180,1x1,6,Able Sisters,Available from either Mabel's temporary shop or Able Sisters shop,,Simple,Elegant,stTCJiLMdhmZ2ztyw,Yes,Beige,1.0.0,No
720,For sale,,880,White,Red,No,NA,NA,SocksTexArgyle5,Free,51,9925,everyday; formal; work,NA,argyle crew socks,NA,NA,All Year,Autumn,180,1x1,1,Able Sisters,Available from Able Sisters shop only,,Elegant,Simple,dT8t2ZMFSfktJkoDd,Yes,White,1.0.0,No
720,For sale,,880,Gray,Pink,No,NA,NA,SocksTexArgyle4,Free,51,9924,everyday; formal; work,NA,argyle crew socks,NA,NA,All Year,Autumn,180,1x1,2,Able Sisters,Available from Able Sisters shop only,,Elegant,Simple,2LSJz8d2eCLmuyiMg,Yes,Gray,1.0.0,No
720,For sale,,880,Red,White,No,NA,NA,SocksTexArgyle1,Free,51,9921,everyday; formal; work,NA,argyle crew socks,NA,NA,All Year,Autumn,180,1x1,3,Able Sisters,Available from Able Sisters shop only,,Elegant,Simple,9MeYsgc2wAGCmj4mC,Yes,Red,1.0.0,No
720,For sale,,880,Pink,White,No,NA,NA,SocksTexArgyle7,Free,51,9927,everyday; formal; work,NA,argyle crew socks,NA,NA,All Year,Autumn,180,1x1,4,Able Sisters,Available from Able Sisters shop only,,Elegant,Simple,9Gibgt5gRyngn6EuR,Yes,Pink,1.0.0,No
720,For sale,,880,Orange,White,No,NA,NA,SocksTexArgyle6,Free,51,9926,everyday; formal; work,NA,argyle crew socks,NA,NA,All Year,Autumn,180,1x1,5,Able Sisters,Available from Able Sisters shop only,,Elegant,Simple,CyRT5FdBTnic9cYrF,Yes,Orange,1.0.0,No
720,For sale,,880,Green,Yellow,No,NA,NA,SocksTexArgyle2,Free,51,9922,everyday; formal; work,NA,argyle crew socks,NA,NA,All Year,Autumn,180,1x1,6,Able Sisters,Available from Able Sisters shop only,,Elegant,Simple,dm4YEXfYftcwG3NB8,Yes,Green,1.0.0,No
720,For sale,,880,Blue,Aqua,No,NA,NA,SocksTexArgyle0,Free,51,5806,everyday; formal; work,NA,argyle crew socks,NA,NA,All Year,Autumn,180,1x1,7,Able Sisters,Available from Able Sisters shop only,,Elegant,Simple,QyJBC6G3E7dzXidaW,Yes,Blue,1.0.0,No
720,For sale,,880,Beige,Brown,No,NA,NA,SocksTexArgyle3,Free,51,9923,everyday; formal; work,NA,argyle crew socks,NA,NA,All Year,Autumn,180,1x1,8,Able Sisters,Available from Able Sisters shop only,,Elegant,Simple,KrrN2AHTcePZaMyMo,Yes,Beige,1.0.0,No
600,For sale,,519,White,Pink,No,NA,NA,SocksTexRibbon3,Free,23,9055,everyday; fairy tale; party; vacation,NA,back-bow socks,Spring (shopping),Yes,Spring,Spring,150,1x1,1,Kicks; Kicks' Co-op,,,Cute,Cute,NXYXEomdp3yqkafZ7,Yes,White,1.0.0,No
600,For sale,,519,Black,White,No,NA,NA,SocksTexRibbon2,Free,23,9054,everyday; fairy tale; party; vacation,NA,back-bow socks,Spring (shopping),Yes,Spring,Spring,150,1x1,2,Kicks; Kicks' Co-op,,,Cute,Cute,NbaHgge5Zf54Y6dQT,Yes,Black,1.0.0,No
600,For sale,,519,Pink,Black,No,NA,NA,SocksTexRibbon0,Free,23,4718,everyday; fairy tale; party; vacation,NA,back-bow socks,Spring (shopping),Yes,Spring,Spring,150,1x1,3,Kicks; Kicks' Co-op,,,Cute,Cute,SerX2gLYQTKxmFi7W,Yes,Pink,1.0.0,No
600,For sale,,519,Yellow,Green,No,NA,NA,SocksTexRibbon1,Free,23,9053,everyday; fairy tale; party; vacation,NA,back-bow socks,Spring (shopping),Yes,Spring,Spring,150,1x1,4,Kicks; Kicks' Co-op,,,Cute,Cute,KE3idPQwqM2kvbNFw,Yes,Yellow,1.0.0,No
600,For sale,,519,Green,Pink,No,NA,NA,SocksTexRibbon5,Free,23,9057,everyday; fairy tale; party; vacation,NA,back-bow socks,Spring (shopping),Yes,Spring,Spring,150,1x1,5,Kicks; Kicks' Co-op,,,Cute,Cute,ju47pefTtHj739pAr,Yes,Peacock blue,1.0.0,No
600,For sale,,519,Aqua,Yellow,No,NA,NA,SocksTexRibbon4,Free,23,9056,everyday; fairy tale; party; vacation,NA,back-bow socks,Spring (shopping),Yes,Spring,Spring,150,1x1,6,Kicks; Kicks' Co-op,,,Cute,Cute,ZuzCi6zDF9G9Swfci,Yes,Blue,1.0.0,No
480,For sale,,604,White,White,No,NA,NA,SocksTexFolded0,Free,51,5171,formal; work,All Year,bobby socks,NA,NA,All Year,Spring,120,1x1,1,Able Sisters,Available from either Mabel's temporary shop or Able Sisters shop,,Elegant,Simple,aL52HPePkC84gPQup,Yes,White,1.0.0,No
480,For sale,,604,Gray,Gray,No,NA,NA,SocksTexFolded1,Free,51,10017,formal; work,NA,bobby socks,NA,NA,All Year,Spring,120,1x1,2,Able Sisters,Available from either Mabel's temporary shop or Able Sisters shop,,Elegant,Simple,a9aLEHyXSdpHqYLm8,Yes,Gray,1.0.0,No
480,For sale,,604,Black,Black,No,NA,NA,SocksTexFolded2,Free,51,10018,formal; work,NA,bobby socks,NA,NA,All Year,Spring,120,1x1,3,Able Sisters,Available from either Mabel's temporary shop or Able Sisters shop,,Elegant,Simple,iby3kB32wD5rkxYod,Yes,Black,1.0.0,No
480,For sale,,604,Brown,Brown,No,NA,NA,SocksTexFolded3,Free,51,10019,formal; work,NA,bobby socks,NA,NA,All Year,Spring,120,1x1,4,Able Sisters,Available from either Mabel's temporary shop or Able Sisters shop,,Elegant,Simple,ZH9uTJSirjyNrH3Qw,Yes,Brown,1.0.0,No
840,For sale,,612,White,Colorful,No,NA,NA,SocksTexMultiblock5,Free,23,9899,everyday,NA,color-blocked socks,NA,NA,All Year,All Year,210,1x1,1,Kicks; Kicks' Co-op,,,Cute,Elegant,bxt6nkbfnX6KEKifX,Yes,White,1.0.0,No
840,For sale,,612,Pink,Colorful,No,NA,NA,SocksTexMultiblock7,Free,23,9901,everyday,NA,color-blocked socks,NA,NA,All Year,All Year,210,1x1,2,Kicks; Kicks' Co-op,,,Cute,Elegant,3Y9LcSKLMJbT5YJfH,Yes,Pink,1.0.0,No
840,For sale,,612,Green,Colorful,No,NA,NA,SocksTexMultiblock6,Free,23,9900,everyday,NA,color-blocked socks,NA,NA,All Year,All Year,210,1x1,3,Kicks; Kicks' Co-op,,,Cute,Elegant,jDEgNFRCGWgFw5hNq,Yes,Lime,1.0.0,No
840,For sale,,612,Green,Colorful,No,NA,NA,SocksTexMultiblock1,Free,23,9895,everyday,NA,color-blocked socks,NA,NA,All Year,All Year,210,1x1,4,Kicks; Kicks' Co-op,,,Cute,Elegant,gSZ3co7FeNLM2DqmZ,Yes,Green,1.0.0,No
840,For sale,,612,Blue,Colorful,No,NA,NA,SocksTexMultiblock3,Free,23,9897,everyday,NA,color-blocked socks,NA,NA,All Year,All Year,210,1x1,5,Kicks; Kicks' Co-op,,,Cute,Elegant,EKGnqpYcYK5KDre8R,Yes,Blue,1.0.0,No
840,For sale,,612,Purple,Colorful,No,NA,NA,SocksTexMultiblock0,Free,23,5180,everyday,NA,color-blocked socks,NA,NA,All Year,All Year,210,1x1,6,Kicks; Kicks' Co-op,,,Cute,Elegant,5nRBXNdkdjyAjs5RQ,Yes,Purple,1.0.0,No
840,For sale,,612,Brown,Colorful,No,NA,NA,SocksTexMultiblock2,Free,23,9896,everyday,NA,color-blocked socks,NA,NA,All Year,All Year,210,1x1,7,Kicks; Kicks' Co-op,,,Cute,Elegant,tTwmQJF35W2CdDRNL,Yes,Brown,1.0.0,No
840,For sale,,612,Beige,Colorful,No,NA,NA,SocksTexMultiblock4,Free,23,9898,everyday,NA,color-blocked socks,NA,NA,All Year,All Year,210,1x1,8,Kicks; Kicks' Co-op,,,Cute,Elegant,tkbYFgGoKnqAJZ49K,Yes,Beige,1.0.0,No
600,For sale,,603,Black,Red,No,NA,NA,SocksTexCompression4,Free,23,9793,outdoorsy; sporty; work,NA,compression tights,NA,NA,All Year,All Year,150,1x1,1,Kicks; Kicks' Co-op,,,Active,Active,qrFTn5ab3j4nHqzwd,Yes,Red,1.0.0,No
600,For sale,,603,Black,Pink,No,NA,NA,SocksTexCompression2,Free,23,9791,outdoorsy; sporty; work,NA,compression tights,NA,NA,All Year,All Year,150,1x1,2,Kicks; Kicks' Co-op,,,Active,Active,SsdRjyHarAqc72Kmv,Yes,Pink,1.0.0,No
600,For sale,,603,Black,Yellow,No,NA,NA,SocksTexCompression1,Free,23,9790,outdoorsy; sporty; work,NA,compression tights,NA,NA,All Year,All Year,150,1x1,3,Kicks; Kicks' Co-op,,,Active,Active,otHYAzdH3cf86yKEo,Yes,Yellow,1.0.0,No
600,For sale,,603,Black,Green,No,NA,NA,SocksTexCompression3,Free,23,9792,outdoorsy; sporty; work,NA,compression tights,NA,NA,All Year,All Year,150,1x1,4,Kicks; Kicks' Co-op,,,Active,Active,j6AcTLGBGdk9xgThP,Yes,Mint,1.0.0,No
600,For sale,,603,Black,Blue,No,NA,NA,SocksTexCompression0,Free,23,5170,outdoorsy; sporty; work,NA,compression tights,NA,NA,All Year,All Year,150,1x1,5,Kicks; Kicks' Co-op,,,Active,Active,Fc8uttzc2hwQM7RKw,Yes,Blue,1.0.0,No
720,For sale,,926,White,Black,No,NA,NA,SocksTexCountry3,Free,51,8944,formal; work,NA,country socks,NA,NA,All Year,All Year,180,1x1,1,Able Sisters,Available from Able Sisters shop only,,Elegant,Simple,ptJF3tBrJxAYRLT5T,Yes,Black ribbons,1.0.0,No
720,For sale,,926,White,Red,No,NA,NA,SocksTexCountry0,Free,51,6044,formal; work,NA,country socks,NA,NA,All Year,All Year,180,1x1,2,Able Sisters,Available from Able Sisters shop only,,Elegant,Simple,wgBZqqpZomaTLZhcz,Yes,Red ribbons,1.0.0,No
720,For sale,,926,White,Green,No,NA,NA,SocksTexCountry1,Free,51,8942,formal; work,NA,country socks,NA,NA,All Year,All Year,180,1x1,3,Able Sisters,Available from Able Sisters shop only,,Elegant,Simple,RWpifRdqLmYQL5dGf,Yes,Green ribbons,1.0.0,No
720,For sale,,926,White,Blue,No,NA,NA,SocksTexCountry2,Free,51,8943,formal; work,NA,country socks,NA,NA,All Year,All Year,180,1x1,4,Able Sisters,Available from Able Sisters shop only,,Elegant,Simple,mDTdqvPWaESchMEGe,Yes,Blue ribbons,1.0.0,No
600,For sale,,626,Gray,Gray,No,NA,NA,SocksTexCrocheting1,Free,51,8939,everyday; comfy,NA,crocheted socks,NA,NA,All Year,Autumn,150,1x1,1,Able Sisters,Available from either Mabel's temporary shop or Able Sisters shop,,Elegant,Simple,mopfLb9yhXEj9qXS2,Yes,Gray,1.0.0,No
600,For sale,,626,Pink,Pink,No,NA,NA,SocksTexCrocheting2,Free,51,8940,everyday; comfy,NA,crocheted socks,NA,NA,All Year,Autumn,150,1x1,2,Able Sisters,Available from either Mabel's temporary shop or Able Sisters shop,,Elegant,Simple,PT7ZGkfTfkvtkBmJx,Yes,Purple,1.0.0,No
600,For sale,,626,Aqua,Aqua,No,NA,NA,SocksTexCrocheting3,Free,51,8941,everyday; comfy,NA,crocheted socks,NA,NA,All Year,Autumn,150,1x1,3,Able Sisters,Available from either Mabel's temporary shop or Able Sisters shop,,Elegant,Simple,k8aPtaZcFrRZwZvD6,Yes,Blue,1.0.0,No
600,For sale,,626,Beige,Beige,No,NA,NA,SocksTexCrocheting0,Free,51,5202,everyday; comfy,NA,crocheted socks,NA,NA,All Year,Autumn,150,1x1,4,Able Sisters,Available from either Mabel's temporary shop or Able Sisters shop,,Elegant,Simple,phkn7YMAHEZZFyC3L,Yes,Beige,1.0.0,No
540,For sale,,539,Blue,Blue,No,NA,NA,SocksTexDenimleggings1,Free,51,9782,everyday; outdoorsy; sporty,All Year,denim leggings,NA,NA,All Year,All Year,135,1x1,1,Able Sisters,Available from either Mabel's temporary shop or Able Sisters shop,,Simple,Simple,zX9ge6E48pkgAtvJG,Yes,Indigo blue,1.0.0,No
540,For sale,,539,Aqua,Aqua,No,NA,NA,SocksTexDenimleggings3,Free,51,9784,everyday; outdoorsy; sporty,NA,denim leggings,NA,NA,All Year,All Year,135,1x1,2,Able Sisters,Available from either Mabel's temporary shop or Able Sisters shop,,Simple,Simple,kJjSEP42iYeHw2XTP,Yes,Light blue,1.0.0,No
540,For sale,,539,Aqua,Aqua,No,NA,NA,SocksTexDenimleggings2,Free,51,9783,everyday; outdoorsy; sporty,NA,denim leggings,NA,NA,All Year,All Year,135,1x1,3,Able Sisters,Available from either Mabel's temporary shop or Able Sisters shop,,Simple,Simple,z4ygu9Huw9NGZBeYZ,Yes,Saxon blue,1.0.0,No
540,For sale,,539,Blue,Blue,No,NA,NA,SocksTexDenimleggings0,Free,51,4745,everyday; outdoorsy; sporty,NA,denim leggings,NA,NA,All Year,All Year,135,1x1,4,Able Sisters,Available from either Mabel's temporary shop or Able Sisters shop,,Simple,Simple,3FSnfcpAYm5Fjbctc,Yes,Blue,1.0.0,No
720,For sale,,1188,Gray,Gray,No,NA,NA,SocksTexDotknee3,Free,51,12181,everyday,Winter,dotted knee-high socks,NA,NA,All Year,All Year,180,1x1,1,Able Sisters,Available from Able Sisters shop only,,Cute,Simple,wJw3R2v2MKdSepbvE,Yes,Gray,1.0.0,No
720,For sale,,1188,Black,Black,No,NA,NA,SocksTexDotknee0,Free,51,12174,everyday,Winter,dotted knee-high socks,NA,NA,All Year,All Year,180,1x1,2,Able Sisters,Available from Able Sisters shop only,,Cute,Simple,NvX65fPWJDEAJdBh8,Yes,Black,1.0.0,No
720,For sale,,1188,Yellow,Yellow,No,NA,NA,SocksTexDotknee1,Free,51,12179,everyday,NA,dotted knee-high socks,NA,NA,All Year,All Year,180,1x1,3,Able Sisters,Available from Able Sisters shop only,,Cute,Simple,2yn8c76aCod8W6H9t,Yes,Yellow,1.0.0,No
720,For sale,,1188,Green,Green,No,NA,NA,SocksTexDotknee2,Free,51,12180,everyday,NA,dotted knee-high socks,NA,NA,All Year,All Year,180,1x1,4,Able Sisters,Available from Able Sisters shop only,,Cute,Simple,Kvp83zH2Qcp6XeJro,Yes,Cyan,1.0.0,No
1000,For sale,,628,Black,White,No,NA,NA,SocksTexEmbroidery1,Free,51,9907,everyday; fairy tale; party,NA,embroidered-flower tights,NA,NA,All Year,Spring,250,1x1,1,Able Sisters,Available from Able Sisters shop only,,Cute,Elegant,SiWtz8aTYoK75JfRz,Yes,Black,1.0.0,No
1000,For sale,,628,Green,Yellow,No,NA,NA,SocksTexEmbroidery2,Free,51,9908,everyday; fairy tale; party,NA,embroidered-flower tights,NA,NA,All Year,Spring,250,1x1,2,Able Sisters,Available from Able Sisters shop only,,Cute,Elegant,jPQA8CohQNBhSwsiq,Yes,Green,1.0.0,No
1000,For sale,,628,Blue,Orange,No,NA,NA,SocksTexEmbroidery4,Free,51,9910,everyday; fairy tale; party,NA,embroidered-flower tights,NA,NA,All Year,Spring,250,1x1,3,Able Sisters,Available from Able Sisters shop only,,Cute,Elegant,fmZu6dNagF4XW6rvd,Yes,Blue,1.0.0,No
1000,For sale,,628,Purple,Pink,No,NA,NA,SocksTexEmbroidery5,Free,51,9911,everyday; fairy tale; party,NA,embroidered-flower tights,NA,NA,All Year,Spring,250,1x1,4,Able Sisters,Available from Able Sisters shop only,,Cute,Elegant,iivtbk5pG2i2asvBC,Yes,Purple,1.0.0,No
1000,For sale,,628,Brown,Red,No,NA,NA,SocksTexEmbroidery0,Free,51,5204,everyday; fairy tale; party,NA,embroidered-flower tights,NA,NA,All Year,Spring,250,1x1,5,Able Sisters,Available from Able Sisters shop only,,Cute,Elegant,qAsvxHbnuC6DDNZjG,Yes,Brown,1.0.0,No
1000,For sale,,628,Beige,Red,No,NA,NA,SocksTexEmbroidery3,Free,51,9909,everyday; fairy tale; party,NA,embroidered-flower tights,NA,NA,All Year,Spring,250,1x1,6,Able Sisters,Available from Able Sisters shop only,,Cute,Elegant,fwcHa7FkHcm4BZdYP,Yes,Beige,1.0.0,No
600,For sale,,1059,White,White,No,NA,NA,SocksTexDailysocks5,Free,51,10038,everyday; work,Summer,everyday socks,NA,NA,All Year,All Year,150,1x1,1,Able Sisters,Available from either Mabel's temporary shop or Able Sisters shop,,Simple,Simple,4s4vWXEwkLbb3efNb,Yes,White,1.0.0,No
600,For sale,,1059,Gray,Gray,No,NA,NA,SocksTexDailysocks3,Free,51,10036,everyday; work,NA,everyday socks,NA,NA,All Year,All Year,150,1x1,2,Able Sisters,Available from either Mabel's temporary shop or Able Sisters shop,,Simple,Simple,RYHfit78bZMtfDcGL,Yes,Gray,1.0.0,No
600,For sale,,1059,Black,Black,No,NA,NA,SocksTexDailysocks1,Free,51,10034,everyday; work,NA,everyday socks,NA,NA,All Year,All Year,150,1x1,3,Able Sisters,Available from either Mabel's temporary shop or Able Sisters shop,,Simple,Simple,Pe45hBHF5EJnYr9Es,Yes,Black,1.0.0,No
600,For sale,,1059,Blue,Blue,No,NA,NA,SocksTexDailysocks2,Free,51,10035,everyday; work,Winter,everyday socks,NA,NA,All Year,All Year,150,1x1,4,Able Sisters,Available from either Mabel's temporary shop or Able Sisters shop,,Simple,Simple,MyTLF7gvqar4TjoR3,Yes,Navy blue,1.0.0,No
600,For sale,,1059,Brown,Brown,No,NA,NA,SocksTexDailysocks0,Free,51,9645,everyday; work,NA,everyday socks,NA,NA,All Year,All Year,150,1x1,5,Able Sisters,Available from either Mabel's temporary shop or Able Sisters shop,,Simple,Simple,7NubAsby6JGtDjkQE,Yes,Brown,1.0.0,No
600,For sale,,1059,Beige,Beige,No,NA,NA,SocksTexDailysocks4,Free,51,10037,everyday; work,NA,everyday socks,NA,NA,All Year,All Year,150,1x1,6,Able Sisters,Available from either Mabel's temporary shop or Able Sisters shop,,Simple,Simple,AjdoBNEpkupPceJ4z,Yes,Beige,1.0.0,No
720,For sale,,1050,White,White,No,NA,NA,SocksTexDailytights3,Free,51,9684,everyday; work,Summer; Winter,everyday tights,NA,NA,All Year,All Year,180,1x1,1,Able Sisters,Available from either Mabel's temporary shop or Able Sisters shop,,Simple,Simple,iENLav487Pt8WgfWk,Yes,White,1.0.0,No
720,For sale,,1050,Gray,Gray,No,NA,NA,SocksTexDailytights1,Free,51,9682,everyday; work,All Year,everyday tights,NA,NA,All Year,All Year,180,1x1,2,Able Sisters,Available from either Mabel's temporary shop or Able Sisters shop,,Simple,Simple,GG4hZNfY85kX42aEe,Yes,Light gray,1.0.0,No
720,For sale,,1050,Gray,Gray,No,NA,NA,SocksTexDailytights2,Free,51,9683,everyday; work,Winter,everyday tights,NA,NA,All Year,All Year,180,1x1,3,Able Sisters,Available from either Mabel's temporary shop or Able Sisters shop,,Simple,Simple,HWnMuGqHxjQLh7yDJ,Yes,Gray,1.0.0,No
720,For sale,,1050,Black,Black,No,NA,NA,SocksTexDailytights0,Free,51,9581,everyday; work,All Year,everyday tights,NA,NA,All Year,All Year,180,1x1,4,Able Sisters,Available from either Mabel's temporary shop or Able Sisters shop,,Simple,Simple,rh6Bpp5D5QL7QXt7F,Yes,Black,1.0.0,No
720,For sale,,1050,Blue,Blue,No,NA,NA,SocksTexDailytights4,Free,51,9685,everyday; work,All Year,everyday tights,NA,NA,All Year,All Year,180,1x1,5,Able Sisters,Available from either Mabel's temporary shop or Able Sisters shop,,Simple,Simple,Byc5JuPksWfY4wprE,Yes,Navy blue,1.0.0,No
720,For sale,,1050,Beige,Beige,No,NA,NA,SocksTexDailytights5,Free,51,9686,everyday; work,Summer,everyday tights,NA,NA,All Year,All Year,180,1x1,6,Able Sisters,Available from either Mabel's temporary shop or Able Sisters shop,,Simple,Simple,w9RMWiq6CjrmwWJtN,Yes,Beige,1.0.0,No
480,For sale,,48,White,White,No,NA,NA,SocksTexAmitights1,Free,51,9659,party; theatrical,NA,fishnet tights,NA,NA,All Year,All Year,120,1x1,1,Able Sisters,Available from Able Sisters shop only,,Elegant,Cool,gsjb2cGwKR3nQswoP,Yes,White,1.0.0,No
480,For sale,,48,Black,Black,No,NA,NA,SocksTexAmitights0,Free,51,3096,party; theatrical,All Year,fishnet tights,NA,NA,All Year,All Year,120,1x1,2,Able Sisters,Available from Able Sisters shop only,,Elegant,Cool,3tL4DiJ9rWHthc9Pk,Yes,Black,1.0.0,No
480,For sale,,48,Red,Red,No,NA,NA,SocksTexAmitights2,Free,51,9660,party; theatrical,NA,fishnet tights,NA,NA,All Year,All Year,120,1x1,3,Able Sisters,Available from Able Sisters shop only,,Elegant,Cool,48n6aHZGEPnDEK9jx,Yes,Red,1.0.0,No
720,For sale,,879,White,White,No,NA,NA,SocksTexFlowerdot0,Free,51,5804,fairy tale; formal; party; theatrical,All Year,flowery-dot tights,NA,NA,All Year,Spring,180,1x1,1,Able Sisters,Available from Able Sisters shop only,,Elegant,Cute,PMGBtgwgdqyfgFLGT,Yes,White,1.0.0,No
720,For sale,,879,Black,Black,No,NA,NA,SocksTexFlowerdot4,Free,51,9920,fairy tale; formal; party; theatrical,Winter,flowery-dot tights,NA,NA,All Year,Spring,180,1x1,2,Able Sisters,Available from Able Sisters shop only,,Elegant,Cute,Can7JCiG9L8Hm9TDc,Yes,Black,1.0.0,No
720,For sale,,879,Pink,White,No,NA,NA,SocksTexFlowerdot1,Free,51,9917,fairy tale; formal; party; theatrical,NA,flowery-dot tights,NA,NA,All Year,Spring,180,1x1,3,Able Sisters,Available from Able Sisters shop only,,Elegant,Cute,iPqdJXpkmoQHFa3bk,Yes,Pink,1.0.0,No
720,For sale,,879,Yellow,White,No,NA,NA,SocksTexFlowerdot3,Free,51,9919,fairy tale; formal; party; theatrical,NA,flowery-dot tights,NA,NA,All Year,Spring,180,1x1,4,Able Sisters,Available from Able Sisters shop only,,Elegant,Cute,MKk8HkGiw8Dm5isEd,Yes,Yellow,1.0.0,No
720,For sale,,879,Aqua,White,No,NA,NA,SocksTexFlowerdot2,Free,51,9918,fairy tale; formal; party; theatrical,NA,flowery-dot tights,NA,NA,All Year,Spring,180,1x1,5,Able Sisters,Available from Able Sisters shop only,,Elegant,Cute,LQLHZmbq5ooLpTaSc,Yes,Blue,1.0.0,No
840,For sale,,605,Black,White,No,NA,NA,SocksTexFrilledknee0,Free,23,5172,everyday; fairy tale; party; theatrical,NA,frilly knee-high socks,Spring (shopping),Yes,Spring,Spring,210,1x1,1,Kicks; Kicks' Co-op,,,Cute,Cute,vmXP6mnS88memLCX4,Yes,Black,1.0.0,No
840,For sale,,605,Red,White,No,NA,NA,SocksTexFrilledknee2,Free,23,11590,everyday; fairy tale; party; theatrical,NA,frilly knee-high socks,Spring (shopping),Yes,Spring,Spring,210,1x1,2,Kicks; Kicks' Co-op,,,Cute,Cute,xds2s4575YP27vR8A,Yes,Red,1.0.0,No
840,For sale,,605,Pink,White,No,NA,NA,SocksTexFrilledknee5,Free,23,11593,everyday; fairy tale; party; theatrical,NA,frilly knee-high socks,Spring (shopping),Yes,Spring,Spring,210,1x1,3,Kicks; Kicks' Co-op,,,Cute,Cute,v9tYcuwPdAT7v3wQS,Yes,Pink,1.0.0,No
840,For sale,,605,Orange,White,No,NA,NA,SocksTexFrilledknee3,Free,23,11591,everyday; fairy tale; party; theatrical,NA,frilly knee-high socks,Spring (shopping),Yes,Spring,Spring,210,1x1,4,Kicks; Kicks' Co-op,,,Cute,Cute,JNi4geueh5oD227xR,Yes,Brown,1.0.0,No
840,For sale,,605,Yellow,White,No,NA,NA,SocksTexFrilledknee7,Free,23,11595,everyday; fairy tale; party; theatrical,NA,frilly knee-high socks,Spring (shopping),Yes,Spring,Spring,210,1x1,5,Kicks; Kicks' Co-op,,,Cute,Cute,WdGcfiFNT7NYtgr2x,Yes,Yellow,1.0.0,No
840,For sale,,605,Green,White,No,NA,NA,SocksTexFrilledknee1,Free,23,11589,everyday; fairy tale; party; theatrical,NA,frilly knee-high socks,Spring (shopping),Yes,Spring,Spring,210,1x1,6,Kicks; Kicks' Co-op,,,Cute,Cute,3Q2vgyB7ck687Eyqg,Yes,Green,1.0.0,No
840,For sale,,605,Aqua,White,No,NA,NA,SocksTexFrilledknee4,Free,23,11592,everyday; fairy tale; party; theatrical,NA,frilly knee-high socks,Spring (shopping),Yes,Spring,Spring,210,1x1,7,Kicks; Kicks' Co-op,,,Cute,Cute,CWTTXCXbYiGajL8GN,Yes,Mint,1.0.0,No
840,For sale,,605,Purple,White,No,NA,NA,SocksTexFrilledknee6,Free,23,11594,everyday; fairy tale; party; theatrical,NA,frilly knee-high socks,Spring (shopping),Yes,Spring,Spring,210,1x1,8,Kicks; Kicks' Co-op,,,Cute,Cute,WXa2dtqHH4yTqi72y,Yes,Purple,1.0.0,No
720,For sale,,607,White,White,No,NA,NA,SocksTexFrilled0,Free,51,5174,everyday; fairy tale; formal; party,NA,frilly socks,NA,NA,All Year,Autumn,180,1x1,1,Able Sisters,Available from Able Sisters shop only,,Cute,Simple,JjfAnWLyzasyYMg3v,Yes,White,1.0.0,No
720,For sale,,607,Pink,White,No,NA,NA,SocksTexFrilled2,Free,51,8935,everyday; fairy tale; formal; party,NA,frilly socks,NA,NA,All Year,Autumn,180,1x1,2,Able Sisters,Available from Able Sisters shop only,,Cute,Simple,eReXG6NHXaQ7K3hBX,Yes,Pink,1.0.0,No
720,For sale,,607,Yellow,White,No,NA,NA,SocksTexFrilled1,Free,51,8934,everyday; fairy tale; formal; party,NA,frilly socks,NA,NA,All Year,Autumn,180,1x1,3,Able Sisters,Available from Able Sisters shop only,,Cute,Simple,riCwe2zM7QyECk3Jr,Yes,Yellow,1.0.0,No
720,For sale,,607,Green,White,No,NA,NA,SocksTexFrilled3,Free,51,8936,everyday; fairy tale; formal; party,NA,frilly socks,NA,NA,All Year,Autumn,180,1x1,4,Able Sisters,Available from Able Sisters shop only,,Cute,Simple,k4BtF693DbxH33AL6,Yes,Green,1.0.0,No
720,For sale,,607,Aqua,White,No,NA,NA,SocksTexFrilled5,Free,51,8938,everyday; fairy tale; formal; party,NA,frilly socks,NA,NA,All Year,Autumn,180,1x1,5,Able Sisters,Available from Able Sisters shop only,,Cute,Simple,gQw822wnuA7Cvo7nF,Yes,Blue,1.0.0,No
720,For sale,,607,Purple,White,No,NA,NA,SocksTexFrilled4,Free,51,8937,everyday; fairy tale; formal; party,NA,frilly socks,NA,NA,All Year,Autumn,180,1x1,6,Able Sisters,Available from Able Sisters shop only,,Cute,Simple,RTFEAwp3SBjAFWdd8,Yes,Purple,1.0.0,No
600,For sale,,723,Black,Gray,No,NA,NA,SocksTexCharacter4,Free,23,9995,everyday; comfy,NA,funny-face socks,Summer (shopping),Yes,Summer,Summer,150,1x1,1,Kicks; Kicks' Co-op,,,Active,Cute,Z325j6mwSX7psKc6s,Yes,Black,1.0.0,No
600,For sale,,723,Red,Yellow,No,NA,NA,SocksTexCharacter2,Free,23,9993,everyday; comfy,NA,funny-face socks,Summer (shopping),Yes,Summer,Summer,150,1x1,2,Kicks; Kicks' Co-op,,,Active,Cute,qSjBCKKdyA4KREoye,Yes,Red,1.0.0,No
600,For sale,,723,Pink,Aqua,No,NA,NA,SocksTexCharacter0,Free,23,5406,everyday; comfy,NA,funny-face socks,Summer (shopping),Yes,Summer,Summer,150,1x1,3,Kicks; Kicks' Co-op,,,Active,Cute,foRRtKZSXYm9y3rX9,Yes,Pink,1.0.0,No
600,For sale,,723,Green,Blue,No,NA,NA,SocksTexCharacter3,Free,23,9994,everyday; comfy,NA,funny-face socks,Summer (shopping),Yes,Summer,Summer,150,1x1,4,Kicks; Kicks' Co-op,,,Active,Cute,hj2f2Lh4d4ZEWsi6B,Yes,Green,1.0.0,No
600,For sale,,723,Blue,Green,No,NA,NA,SocksTexCharacter1,Free,23,9992,everyday; comfy,NA,funny-face socks,Summer (shopping),Yes,Summer,Summer,150,1x1,5,Kicks; Kicks' Co-op,,,Active,Cute,y8GCEKe7n9XX2TW4n,Yes,Blue,1.0.0,No
980,For sale,,541,White,White,No,NA,NA,SocksTexGarter1,Free,23,9661,formal; party; theatrical,NA,garter socks,NA,NA,All Year,All Year,245,1x1,1,Kicks; Kicks' Co-op,,,Cool,Elegant,iDmZtgECn8KRQuAMs,Yes,White,1.0.0,No
980,For sale,,541,Black,Black,No,NA,NA,SocksTexGarter0,Free,23,4747,formal; party; theatrical,NA,garter socks,NA,NA,All Year,All Year,245,1x1,2,Kicks; Kicks' Co-op,,,Cool,Elegant,iwKjqecWcWav7tNss,Yes,Black,1.0.0,No
980,For sale,,541,Red,Red,No,NA,NA,SocksTexGarter3,Free,23,9663,formal; party; theatrical,NA,garter socks,NA,NA,All Year,All Year,245,1x1,3,Kicks; Kicks' Co-op,,,Cool,Elegant,88SHPWGpx3C5ft2dv,Yes,Red,1.0.0,No
980,For sale,,541,Purple,Purple,No,NA,NA,SocksTexGarter2,Free,23,9662,formal; party; theatrical,NA,garter socks,NA,NA,All Year,All Year,245,1x1,4,Kicks; Kicks' Co-op,,,Cool,Elegant,RN674wx6333j9XEHA,Yes,Purple,1.0.0,No
950,For sale,,749,Pink,Colorful,No,NA,NA,SocksTexChimayo4,Free,51,9915,outdoorsy,NA,geometric-print socks,NA,NA,All Year,Autumn,237,1x1,1,Able Sisters,Available from Able Sisters shop only,,Active,Gorgeous,PuAirT3RNJoiq4EsZ,Yes,Pink,1.0.0,No
950,For sale,,749,Yellow,Colorful,No,NA,NA,SocksTexChimayo0,Free,51,5444,outdoorsy,NA,geometric-print socks,NA,NA,All Year,Autumn,237,1x1,2,Able Sisters,Available from Able Sisters shop only,,Active,Gorgeous,iRLnesjDYbtq9h3KN,Yes,Yellow,1.0.0,No
950,For sale,,749,Green,Colorful,No,NA,NA,SocksTexChimayo5,Free,51,9916,outdoorsy,NA,geometric-print socks,NA,NA,All Year,Autumn,237,1x1,3,Able Sisters,Available from Able Sisters shop only,,Active,Gorgeous,jiHCobNrHoCB3jBao,Yes,Green,1.0.0,No
950,For sale,,749,Aqua,Colorful,No,NA,NA,SocksTexChimayo1,Free,51,9912,outdoorsy,NA,geometric-print socks,NA,NA,All Year,Autumn,237,1x1,4,Able Sisters,Available from Able Sisters shop only,,Active,Gorgeous,LREKsNHetcJzH6h8w,Yes,Peacock blue,1.0.0,No
950,For sale,,749,Purple,Colorful,No,NA,NA,SocksTexChimayo2,Free,51,9913,outdoorsy,NA,geometric-print socks,NA,NA,All Year,Autumn,237,1x1,5,Able Sisters,Available from Able Sisters shop only,,Active,Gorgeous,eLuF389npgRiWzMAS,Yes,Purple,1.0.0,No
950,For sale,,749,Beige,Colorful,No,NA,NA,SocksTexChimayo3,Free,51,9914,outdoorsy,NA,geometric-print socks,NA,NA,All Year,Autumn,237,1x1,6,Able Sisters,Available from Able Sisters shop only,,Active,Gorgeous,ssdvzowHC9cjHtC7E,Yes,Beige,1.0.0,No
700,For sale,,620,Orange,Orange,No,NA,NA,SocksTexHandknit2,Free,51,9077,outdoorsy; comfy,NA,hand-knit socks,NA,NA,All Year,Autumn,175,1x1,1,Able Sisters,Available from either Mabel's temporary shop or Able Sisters shop,,Simple,Elegant,digGMqMoQXzCPZHcp,Yes,Orange,1.0.0,No
700,For sale,,620,Green,Green,No,NA,NA,SocksTexHandknit0,Free,51,5196,outdoorsy; comfy,NA,hand-knit socks,NA,NA,All Year,Autumn,175,1x1,2,Able Sisters,Available from either Mabel's temporary shop or Able Sisters shop,,Simple,Elegant,z54zAKmuyqXF6pRiL,Yes,Green,1.0.0,No
700,For sale,,620,Purple,Purple,No,NA,NA,SocksTexHandknit1,Free,51,9076,outdoorsy; comfy,NA,hand-knit socks,NA,NA,All Year,Autumn,175,1x1,3,Able Sisters,Available from either Mabel's temporary shop or Able Sisters shop,,Simple,Elegant,j5an4tBSddSdQKoTE,Yes,Purple,1.0.0,No
NFS,Not for sale,,610,Blue,Blue,No,NA,NA,SocksTexHole0,Free,53,5178,goth; comfy,NA,holey socks,NA,NA,All Year,All Year,10,1x1,1,Recycle box,,,Simple,Simple,eaux4kbxPYywzEPnk,Yes,Blue,1.0.0,No
NFS,Not for sale,,610,Blue,Blue,No,NA,NA,SocksTexHole1,Free,53,9070,goth; comfy,NA,holey socks,NA,NA,All Year,All Year,10,1x1,2,Recycle box,,,Simple,Simple,ekrFBBgdDZN9rCRyX,Yes,Navy blue,1.0.0,No
NFS,Not for sale,,610,Beige,Beige,No,NA,NA,SocksTexHole2,Free,53,9071,goth; comfy,NA,holey socks,NA,NA,All Year,All Year,10,1x1,3,Recycle box,,,Simple,Simple,mCipqhEgf8Co9QRig,Yes,White,1.0.0,No
350,For sale,,608,Black,Black,No,NA,NA,SocksTexHoletights0,Free,51,5176,everyday; goth; theatrical,NA,holey tights,NA,NA,All Year,Autumn,87,1x1,1,Able Sisters,Available from either Mabel's temporary shop or Able Sisters shop,,Cool,Active,CWxgPmSn9NHnRk7n8,Yes,Black,1.0.0,No
350,For sale,,608,Red,Red,No,NA,NA,SocksTexHoletights3,Free,51,9666,everyday; goth; theatrical,Winter,holey tights,NA,NA,All Year,Autumn,87,1x1,2,Able Sisters,Available from either Mabel's temporary shop or Able Sisters shop,,Cool,Active,XddtgttTuvd2aGgJz,Yes,Red,1.0.0,No
350,For sale,,608,Pink,Pink,No,NA,NA,SocksTexHoletights1,Free,51,9664,everyday; goth; theatrical,NA,holey tights,NA,NA,All Year,Autumn,87,1x1,3,Able Sisters,Available from either Mabel's temporary shop or Able Sisters shop,,Cool,Active,kfjtinkEFrk92xCDv,Yes,Pink,1.0.0,No
350,For sale,,608,Yellow,Yellow,No,NA,NA,SocksTexHoletights7,Free,51,9670,everyday; goth; theatrical,NA,holey tights,NA,NA,All Year,Autumn,87,1x1,4,Able Sisters,Available from either Mabel's temporary shop or Able Sisters shop,,Cool,Active,ZZ6wt2b5AyB4R3pEd,Yes,Yellow,1.0.0,No
350,For sale,,608,Green,Green,No,NA,NA,SocksTexHoletights5,Free,51,9668,everyday; goth; theatrical,NA,holey tights,NA,NA,All Year,Autumn,87,1x1,5,Able Sisters,Available from either Mabel's temporary shop or Able Sisters shop,,Cool,Active,HsCb6Xa2yr6KfoP3j,Yes,Green,1.0.0,No
350,For sale,,608,Aqua,Aqua,No,NA,NA,SocksTexHoletights2,Free,51,9665,everyday; goth; theatrical,NA,holey tights,NA,NA,All Year,Autumn,87,1x1,6,Able Sisters,Available from either Mabel's temporary shop or Able Sisters shop,,Cool,Active,kRb3QxmzBz664qW7k,Yes,Light blue,1.0.0,No
350,For sale,,608,Blue,Blue,No,NA,NA,SocksTexHoletights6,Free,51,9669,everyday; goth; theatrical,NA,holey tights,NA,NA,All Year,Autumn,87,1x1,7,Able Sisters,Available from either Mabel's temporary shop or Able Sisters shop,,Cool,Active,PYaDDkoBgonoD9ZgF,Yes,Blue,1.0.0,No
350,For sale,,608,Purple,Purple,No,NA,NA,SocksTexHoletights4,Free,51,9667,everyday; goth; theatrical,NA,holey tights,NA,NA,All Year,Autumn,87,1x1,8,Able Sisters,Available from either Mabel's temporary shop or Able Sisters shop,,Cool,Active,dwSSLoeYvH4S8Bdvf,Yes,Purple,1.0.0,No
720,For sale,,1275,White,Gray,No,NA,NA,SocksTexHalloween2,Free,51,13373,everyday; goth; party,NA,horizontal-striped tights,Halloween (days before); Halloween,No,All Year,All Year,180,1x1,1,Able Sisters,Available from Able Sisters shop only,,Simple,Active,iK4EJqE7E77gmjvvQ,Yes,White,1.5.0,No
720,For sale,,1275,Black,Gray,No,NA,NA,SocksTexHalloween5,Free,51,13376,everyday; goth; party,NA,horizontal-striped tights,Halloween (days before); Halloween,No,All Year,All Year,180,1x1,2,Able Sisters,Available from Able Sisters shop only,,Simple,Active,5xyRgKDWLF4wqhWjK,Yes,Black,1.5.0,No
720,For sale,,1275,Red,Purple,No,NA,NA,SocksTexHalloween4,Free,51,13375,everyday; goth; party,NA,horizontal-striped tights,Halloween (days before); Halloween,No,All Year,All Year,180,1x1,3,Able Sisters,Available from Able Sisters shop only,,Simple,Active,ARTENukN9A9baPyxd,Yes,Red,1.5.0,No
720,For sale,,1275,Orange,Red,No,NA,NA,SocksTexHalloween0,Free,51,13029,everyday; goth; party,NA,horizontal-striped tights,Halloween (days before); Halloween,No,All Year,All Year,180,1x1,4,Able Sisters,Available from Able Sisters shop only,,Simple,Active,4MQf429YhyaisAstM,Yes,Orange,1.5.0,No
720,For sale,,1275,Green,Green,No,NA,NA,SocksTexHalloween3,Free,51,13374,everyday; goth; party,NA,horizontal-striped tights,Halloween (days before); Halloween,No,All Year,All Year,180,1x1,5,Able Sisters,Available from Able Sisters shop only,,Simple,Active,iqz4SqaFfDAQNxbM6,Yes,Green,1.5.0,No
720,For sale,,1275,Purple,Pink,No,NA,NA,SocksTexHalloween1,Free,51,13372,everyday; goth; party,NA,horizontal-striped tights,Halloween (days before); Halloween,No,All Year,All Year,180,1x1,6,Able Sisters,Available from Able Sisters shop only,,Simple,Active,tNzNuZEXQyvThB6zx,Yes,Purple,1.5.0,No
720,Not in catalog,,1296,Red,White,No,NA,NA,SocksTexKeroppi0,Free,201,13183,everyday; fairy tale,NA,Kerokerokeroppi socks,NA,NA,All Year,All Year,180,1x1,1,Nook Shopping Promotion,Scan the associated Sanrio amiibo card,,Cute,Cool,o5jPQfMDj5zEfSEGW,Yes,NA,1.9.0,No
600,For sale,,625,Black,Gray,No,NA,NA,SocksTexKids7,Free,23,9991,everyday; outdoorsy; comfy; sporty,NA,kiddie socks,NA,NA,All Year,All Year,150,1x1,1,Kicks; Kicks' Co-op,,,Cute,Simple,JYXCDdJSMofR4Fhgn,Yes,Black & gray,1.0.0,No
600,For sale,,625,Red,Aqua,No,NA,NA,SocksTexKids0,Free,23,5201,everyday; outdoorsy; comfy; sporty,NA,kiddie socks,NA,NA,All Year,All Year,150,1x1,2,Kicks; Kicks' Co-op,,,Cute,Simple,5mqGef4h29DktRP5J,Yes,Red & light blue,1.0.0,No
600,For sale,,625,Pink,Yellow,No,NA,NA,SocksTexKids6,Free,23,9990,everyday; outdoorsy; comfy; sporty,NA,kiddie socks,NA,NA,All Year,All Year,150,1x1,3,Kicks; Kicks' Co-op,,,Cute,Simple,uDAkFWgcMBdTxrpe7,Yes,Pink & yellow,1.0.0,No
600,For sale,,625,Yellow,Purple,No,NA,NA,SocksTexKids3,Free,23,9987,everyday; outdoorsy; comfy; sporty,NA,kiddie socks,NA,NA,All Year,All Year,150,1x1,4,Kicks; Kicks' Co-op,,,Cute,Simple,CR4KZHwxdFpshqtRN,Yes,Yellow & purple,1.0.0,No
600,For sale,,625,Green,Pink,No,NA,NA,SocksTexKids2,Free,23,9986,everyday; outdoorsy; comfy; sporty,NA,kiddie socks,NA,NA,All Year,All Year,150,1x1,5,Kicks; Kicks' Co-op,,,Cute,Simple,rKW7PLjcnQTJmxLpj,Yes,Lime & pink,1.0.0,No
600,For sale,,625,Aqua,Red,No,NA,NA,SocksTexKids4,Free,23,9988,everyday; outdoorsy; comfy; sporty,NA,kiddie socks,NA,NA,All Year,All Year,150,1x1,6,Kicks; Kicks' Co-op,,,Cute,Simple,LFgFyfPHF5DCtB2Mg,Yes,Light blue & red,1.0.0,No
600,For sale,,625,Blue,Orange,No,NA,NA,SocksTexKids1,Free,23,9985,everyday; outdoorsy; comfy; sporty,NA,kiddie socks,NA,NA,All Year,All Year,150,1x1,7,Kicks; Kicks' Co-op,,,Cute,Simple,caua8mbapACdisDuE,Yes,Blue & orange,1.0.0,No
600,For sale,,625,Purple,Green,No,NA,NA,SocksTexKids5,Free,23,9989,everyday; outdoorsy; comfy; sporty,NA,kiddie socks,NA,NA,All Year,All Year,150,1x1,8,Kicks; Kicks' Co-op,,,Cute,Simple,Q5ppLfq9eAyh5CiDd,Yes,Purple & green,1.0.0,No
720,Not in catalog,,1286,White,Pink,No,NA,NA,SocksTexKikilala0,Free,201,13172,everyday; fairy tale,NA,Kiki & Lala socks,NA,NA,All Year,All Year,180,1x1,1,Nook Shopping Promotion,Scan the associated Sanrio amiibo card,,Cute,Cute,EipTnGwS7GXyAkL6K,Yes,NA,1.9.0,No
240,For sale,,1252,Beige,Beige,No,NA,NA,SocksTexBandage0,Free,51,12966,everyday; comfy,NA,knee bandages,NA,NA,All Year,All Year,60,1x1,1,Able Sisters,,,Simple,Simple,FZTBGayaiFHgDS9Hb,Yes,NA,2.0.0,No
540,For sale,,1407,Black,Red,No,NA,NA,SocksTexProtector0,Free,23,14423,everyday; sporty,NA,knee braces,NA,NA,All Year,All Year,135,1x1,1,Kicks; Kicks' Co-op,,,Active,Active,mvsbZv7SZmshyE8wR,Yes,Black & red,2.0.0,No
540,For sale,,1407,Black,Blue,No,NA,NA,SocksTexProtector1,Free,23,139,everyday; sporty,NA,knee braces,NA,NA,All Year,All Year,135,1x1,2,Kicks; Kicks' Co-op,,,Active,Active,BcN4Zkg3uRdd9iEu5,Yes,Black & blue,2.0.0,No
540,For sale,,1407,Black,Yellow,No,NA,NA,SocksTexProtector2,Free,23,140,everyday; sporty,NA,knee braces,NA,NA,All Year,All Year,135,1x1,3,Kicks; Kicks' Co-op,,,Active,Active,pqJA6T2ebFnWmveki,Yes,Black & yellow,2.0.0,No
540,For sale,,1407,Black,Pink,No,NA,NA,SocksTexProtector3,Free,23,141,everyday; sporty,NA,knee braces,NA,NA,All Year,All Year,135,1x1,4,Kicks; Kicks' Co-op,,,Active,Active,pfWMmeTXzXQek5tYr,Yes,Black & pink,2.0.0,No
540,For sale,,1407,White,Black,No,NA,NA,SocksTexProtector4,Free,23,142,everyday; sporty,NA,knee braces,NA,NA,All Year,All Year,135,1x1,5,Kicks; Kicks' Co-op,,,Active,Active,39f2KgqgSQ4gSSY8H,Yes,White & black,2.0.0,No
940,For sale,,1134,Black,Black,No,NA,NA,SocksTexKatesocks1,Free,351,11761,everyday; formal; sporty; theatrical,NA,Labelle socks,NA,NA,All Year,All Year,235,1x1,1,Label,Added to Able Sisters stock rotation the day after receiving this item from Label,,Cool,Simple,ZaX5Gyb34Kwj9bzLn,Yes,Midnight,1.0.0,No
940,For sale,,1134,Red,Red,No,NA,NA,SocksTexKatesocks2,Free,351,11762,everyday; formal; sporty; theatrical,NA,Labelle socks,NA,NA,All Year,All Year,235,1x1,2,Label,Added to Able Sisters stock rotation the day after receiving this item from Label,,Cool,Simple,b7JBgeuAoWuwhKc9b,Yes,Passion,1.0.0,No
940,For sale,,1134,Pink,Pink,No,NA,NA,SocksTexKatesocks5,Free,351,11765,everyday; formal; sporty; theatrical,NA,Labelle socks,NA,NA,All Year,All Year,235,1x1,3,Label,Added to Able Sisters stock rotation the day after receiving this item from Label,,Cool,Simple,zSHmRiEPN4emdp2Bg,Yes,Love,1.0.0,No
940,For sale,,1134,Yellow,Yellow,No,NA,NA,SocksTexKatesocks4,Free,351,11764,everyday; formal; sporty; theatrical,NA,Labelle socks,NA,NA,All Year,All Year,235,1x1,4,Label,Added to Able Sisters stock rotation the day after receiving this item from Label,,Cool,Simple,bkDdwmPfGjYDQvo3b,Yes,Sunset,1.0.0,No
940,For sale,,1134,Blue,Blue,No,NA,NA,SocksTexKatesocks3,Free,351,11763,everyday; formal; sporty; theatrical,NA,Labelle socks,NA,NA,All Year,All Year,235,1x1,5,Label,Added to Able Sisters stock rotation the day after receiving this item from Label,,Cool,Simple,RdoRnCSw4FpEXci5s,Yes,Ocean,1.0.0,No
940,For sale,,1134,Purple,Purple,No,NA,NA,SocksTexKatesocks0,Free,351,9883,everyday; formal; sporty; theatrical,NA,Labelle socks,NA,NA,All Year,All Year,235,1x1,6,Label,Added to Able Sisters stock rotation the day after receiving this item from Label,,Cool,Simple,hyhRxPjBSZAvnxQjr,Yes,Twilight,1.0.0,No
1240,For sale,,1133,Black,Black,No,NA,NA,SocksTexKatetights1,Womanly,351,11756,everyday; formal; party; theatrical,NA,Labelle tights,NA,NA,All Year,All Year,310,1x1,1,Label,Added to Able Sisters stock rotation the day after receiving this item from Label,,Elegant,Cute,s9SheWRC6wvujqCQp,Yes,Midnight,1.0.0,No
1240,For sale,,1133,Red,Red,No,NA,NA,SocksTexKatetights2,Womanly,351,11757,everyday; formal; party; theatrical,NA,Labelle tights,NA,NA,All Year,All Year,310,1x1,2,Label,Added to Able Sisters stock rotation the day after receiving this item from Label,,Elegant,Cute,epohpktM92yF7bhcB,Yes,Passion,1.0.0,No
1240,For sale,,1133,Pink,Pink,No,NA,NA,SocksTexKatetights5,Womanly,351,11760,everyday; formal; party; theatrical,NA,Labelle tights,NA,NA,All Year,All Year,310,1x1,3,Label,Added to Able Sisters stock rotation the day after receiving this item from Label,,Elegant,Cute,zrQngGimLZz9HNpck,Yes,Love,1.0.0,No
1240,For sale,,1133,Orange,Orange,No,NA,NA,SocksTexKatetights4,Womanly,351,11759,everyday; formal; party; theatrical,NA,Labelle tights,NA,NA,All Year,All Year,310,1x1,4,Label,Added to Able Sisters stock rotation the day after receiving this item from Label,,Elegant,Cute,e5f9rJg8Qo56X6xpo,Yes,Sunset,1.0.0,No
1240,For sale,,1133,Blue,Blue,No,NA,NA,SocksTexKatetights3,Womanly,351,11758,everyday; formal; party; theatrical,NA,Labelle tights,NA,NA,All Year,All Year,310,1x1,5,Label,Added to Able Sisters stock rotation the day after receiving this item from Label,,Elegant,Cute,MAHpTyaE9sPCXsKpb,Yes,Ocean,1.0.0,No
1240,For sale,,1133,Purple,Purple,No,NA,NA,SocksTexKatetights0,Womanly,351,9882,everyday; formal; party; theatrical,NA,Labelle tights,NA,NA,All Year,All Year,310,1x1,6,Label,Added to Able Sisters stock rotation the day after receiving this item from Label,,Elegant,Cute,dL7xeqfcNGRcayR59,Yes,Twilight,1.0.0,No
720,For sale,,606,White,White,No,NA,NA,SocksTexLace0,Free,51,5173,everyday; fairy tale; formal; party,NA,lace socks,NA,NA,All Year,Spring,180,1x1,1,Able Sisters,Available from Able Sisters shop only,,Elegant,Simple,qRGNuwPJJS3YyWe7w,Yes,White,1.0.0,No
720,For sale,,606,Black,White,No,NA,NA,SocksTexLace3,Free,51,8933,everyday; fairy tale; formal; party,NA,lace socks,NA,NA,All Year,Spring,180,1x1,2,Able Sisters,Available from Able Sisters shop only,,Elegant,Simple,86Y8rtryieE8cCHcS,Yes,Black,1.0.0,No
720,For sale,,606,Pink,White,No,NA,NA,SocksTexLace1,Free,51,8931,everyday; fairy tale; formal; party,NA,lace socks,NA,NA,All Year,Spring,180,1x1,3,Able Sisters,Available from Able Sisters shop only,,Elegant,Simple,HMyTxrLsMc3PkSPXN,Yes,Pink,1.0.0,No
720,For sale,,606,Green,White,No,NA,NA,SocksTexLace2,Free,51,8932,everyday; fairy tale; formal; party,NA,lace socks,NA,NA,All Year,Spring,180,1x1,4,Able Sisters,Available from Able Sisters shop only,,Elegant,Simple,zFT2DpYJPacGNEAP4,Yes,Green,1.0.0,No
720,For sale,,606,Beige,White,No,NA,NA,SocksTexLace4,Free,51,10170,everyday; fairy tale; formal; party,NA,lace socks,NA,NA,All Year,Spring,180,1x1,5,Able Sisters,Available from Able Sisters shop only,,Elegant,Simple,2wWiCEyFpcC64yLJz,Yes,Beige,1.0.0,No
720,For sale,,619,Gray,Red,No,NA,NA,SockstTexOverlapping4,Free,51,9905,everyday; comfy,NA,layered socks,Winter (shopping),No,Winter,Winter,180,1x1,1,Able Sisters,Available from Able Sisters shop only,,Simple,Active,dtFsbH6p5a4dPufKx,Yes,Red,1.0.0,No
720,For sale,,619,Gray,Orange,No,NA,NA,SockstTexOverlapping5,Free,51,9906,everyday; comfy,NA,layered socks,Winter (shopping),No,Winter,Winter,180,1x1,2,Able Sisters,Available from Able Sisters shop only,,Simple,Active,3wugeZu3eS3Kq5Mfz,Yes,Orange,1.0.0,No
720,For sale,,619,Gray,Yellow,No,NA,NA,SockstTexOverlapping2,Free,51,9903,everyday; comfy,NA,layered socks,Winter (shopping),No,Winter,Winter,180,1x1,3,Able Sisters,Available from Able Sisters shop only,,Simple,Active,f8f8oNrhxiA3WCZwn,Yes,Yellow,1.0.0,No
720,For sale,,619,Gray,Green,No,NA,NA,SockstTexOverlapping3,Free,51,9904,everyday; comfy,Winter,layered socks,Winter (shopping),No,Winter,Winter,180,1x1,4,Able Sisters,Available from Able Sisters shop only,,Simple,Active,v5xsCzumBt8AQxD2q,Yes,Green,1.0.0,No
720,For sale,,619,Gray,Blue,No,NA,NA,SockstTexOverlapping1,Free,51,9902,everyday; comfy,NA,layered socks,Winter (shopping),No,Winter,Winter,180,1x1,5,Able Sisters,Available from Able Sisters shop only,,Simple,Active,pYcz36NuF4WtFs6nd,Yes,Blue,1.0.0,No
720,For sale,,619,Gray,Purple,No,NA,NA,SockstTexOverlapping0,Free,51,5195,everyday; comfy,NA,layered socks,Winter (shopping),No,Winter,Winter,180,1x1,6,Able Sisters,Available from Able Sisters shop only,,Simple,Active,2am8FTEZehx7t7nh7,Yes,Purple,1.0.0,No
440,For sale,,602,Gray,Gray,No,NA,NA,SocksTexLegwarmer2,Free,51,9786,outdoorsy; comfy,NA,leg warmers,Winter (shopping),No,Winter,Winter,110,1x1,1,Able Sisters,Available from either Mabel's temporary shop or Able Sisters shop,,Active,Simple,MRYbYyEpPpwCHQC6K,Yes,Gray,1.0.0,No
440,For sale,,602,Black,Black,No,NA,NA,SocksTexLegwarmer1,Free,51,9785,outdoorsy; comfy,NA,leg warmers,Winter (shopping),No,Winter,Winter,110,1x1,2,Able Sisters,Available from either Mabel's temporary shop or Able Sisters shop,,Active,Simple,7SjdceMm9EBftH999,Yes,Black,1.0.0,No
440,For sale,,602,Pink,Pink,No,NA,NA,SocksTexLegwarmer3,Free,51,9787,outdoorsy; comfy,NA,leg warmers,Winter (shopping),No,Winter,Winter,110,1x1,3,Able Sisters,Available from either Mabel's temporary shop or Able Sisters shop,,Active,Simple,YbGujwbC62LKu4EJX,Yes,Pink,1.0.0,No
440,For sale,,602,Blue,Blue,No,NA,NA,SocksTexLegwarmer5,Free,51,9789,outdoorsy; comfy,NA,leg warmers,Winter (shopping),No,Winter,Winter,110,1x1,4,Able Sisters,Available from either Mabel's temporary shop or Able Sisters shop,,Active,Simple,pLsudAtibb4CcFrXA,Yes,Blue,1.0.0,No
440,For sale,,602,Purple,Purple,No,NA,NA,SocksTexLegwarmer0,Free,51,5169,outdoorsy; comfy,NA,leg warmers,Winter (shopping),No,Winter,Winter,110,1x1,5,Able Sisters,Available from either Mabel's temporary shop or Able Sisters shop,,Active,Simple,XfT3B4xa9sbPq9SXo,Yes,Purple,1.0.0,No
440,For sale,,602,Purple,Purple,No,NA,NA,SocksTexLegwarmer4,Free,51,9788,outdoorsy; comfy,NA,leg warmers,Winter (shopping),No,Winter,Winter,110,1x1,6,Able Sisters,Available from either Mabel's temporary shop or Able Sisters shop,,Active,Simple,HsxzpQQSheGZLynvt,Yes,Light purple,1.0.0,No
800,For sale,,601,Red,Red,No,NA,NA,SocksTexMixtweed0,Free,51,5168,everyday; comfy,NA,mixed-tweed socks,NA,NA,All Year,Autumn,200,1x1,1,Able Sisters,Available from either Mabel's temporary shop or Able Sisters shop,,Simple,Active,owfZHfF53LSDDc9oY,Yes,Red,1.0.0,No
800,For sale,,601,Orange,Orange,No,NA,NA,SocksTexMixtweed5,Free,51,9067,everyday; comfy,NA,mixed-tweed socks,NA,NA,All Year,Autumn,200,1x1,2,Able Sisters,Available from either Mabel's temporary shop or Able Sisters shop,,Simple,Active,rKn2vigLdAKyp78pT,Yes,Orange,1.0.0,No
800,For sale,,601,Yellow,Yellow,No,NA,NA,SocksTexMixtweed6,Free,51,9068,everyday; comfy,NA,mixed-tweed socks,NA,NA,All Year,Autumn,200,1x1,3,Able Sisters,Available from either Mabel's temporary shop or Able Sisters shop,,Simple,Active,pYazqm8irTwb5jLvL,Yes,Lime,1.0.0,No
800,For sale,,601,Green,Green,No,NA,NA,SocksTexMixtweed1,Free,51,9063,everyday; comfy,Summer,mixed-tweed socks,NA,NA,All Year,Autumn,200,1x1,4,Able Sisters,Available from either Mabel's temporary shop or Able Sisters shop,,Simple,Active,Sm9A7YY3Cop9SL2SL,Yes,Avocado,1.0.0,No
800,For sale,,601,Aqua,Aqua,No,NA,NA,SocksTexMixtweed2,Free,51,9064,everyday; comfy,NA,mixed-tweed socks,NA,NA,All Year,Autumn,200,1x1,5,Able Sisters,Available from either Mabel's temporary shop or Able Sisters shop,,Simple,Active,g8E79aFTJFqNSWkHa,Yes,Light blue,1.0.0,No
800,For sale,,601,Blue,Blue,No,NA,NA,SocksTexMixtweed4,Free,51,9066,everyday; comfy,NA,mixed-tweed socks,NA,NA,All Year,Autumn,200,1x1,6,Able Sisters,Available from either Mabel's temporary shop or Able Sisters shop,,Simple,Active,8zXuSD5mWeqWx9Ya3,Yes,Blue,1.0.0,No
800,For sale,,601,Purple,Purple,No,NA,NA,SocksTexMixtweed3,Free,51,9065,everyday; comfy,NA,mixed-tweed socks,NA,NA,All Year,Autumn,200,1x1,7,Able Sisters,Available from either Mabel's temporary shop or Able Sisters shop,,Simple,Active,zYKg8nbNZ4yiK8MRo,Yes,Purple,1.0.0,No
800,For sale,,601,Beige,Beige,No,NA,NA,SocksTexMixtweed7,Free,51,9069,everyday; comfy,NA,mixed-tweed socks,NA,NA,All Year,Autumn,200,1x1,8,Able Sisters,Available from either Mabel's temporary shop or Able Sisters shop,,Simple,Active,cdQLDmrQGmcMsDCyB,Yes,Pink,1.0.0,No
540,For sale,,1054,Pink,Purple,No,NA,NA,SocksTexNeonleggings1,Free,51,9808,outdoorsy; party; theatrical,All Year,neon leggings,NA,NA,All Year,All Year,135,1x1,1,Able Sisters,Available from either Mabel's temporary shop or Able Sisters shop,,Active,Simple,m3yXnPxG2S67TTXiP,Yes,Pink,1.0.0,No
540,For sale,,1054,Orange,Pink,No,NA,NA,SocksTexNeonleggings2,Free,51,9809,outdoorsy; party; theatrical,NA,neon leggings,NA,NA,All Year,All Year,135,1x1,2,Able Sisters,Available from either Mabel's temporary shop or Able Sisters shop,,Active,Simple,nWcu7nF4Mm3GAaFuz,Yes,Orange,1.0.0,No
540,For sale,,1054,Yellow,Orange,No,NA,NA,SocksTexNeonleggings0,Free,51,9586,outdoorsy; party; theatrical,NA,neon leggings,NA,NA,All Year,All Year,135,1x1,3,Able Sisters,Available from either Mabel's temporary shop or Able Sisters shop,,Active,Simple,RLSZDLNbLG83GjLLK,Yes,Yellow,1.0.0,No
540,For sale,,1054,Green,Aqua,No,NA,NA,SocksTexNeonleggings3,Free,51,9810,outdoorsy; party; theatrical,NA,neon leggings,NA,NA,All Year,All Year,135,1x1,4,Able Sisters,Available from either Mabel's temporary shop or Able Sisters shop,,Active,Simple,CiRdadkZ8CZHGSLWr,Yes,Green,1.0.0,No
540,For sale,,1054,Purple,Blue,No,NA,NA,SocksTexNeonleggings4,Free,51,9811,outdoorsy; party; theatrical,NA,neon leggings,NA,NA,All Year,All Year,135,1x1,5,Able Sisters,Available from either Mabel's temporary shop or Able Sisters shop,,Active,Simple,tYx44vCXssquakWKM,Yes,Purple,1.0.0,No
720,For sale,,1052,Pink,Purple,No,NA,NA,SocksTexNeontights1,Free,51,9694,party; theatrical,NA,neon tights,NA,NA,All Year,All Year,180,1x1,1,Able Sisters,Available from either Mabel's temporary shop or Able Sisters shop,,Active,Simple,W49nhK8ikKp6iSa5a,Yes,Pink,1.0.0,No
720,For sale,,1052,Orange,Pink,No,NA,NA,SocksTexNeontights2,Free,51,9695,party; theatrical,All Year,neon tights,NA,NA,All Year,All Year,180,1x1,2,Able Sisters,Available from either Mabel's temporary shop or Able Sisters shop,,Active,Simple,pXXmML69f4b9sRPsa,Yes,Orange,1.0.0,No
720,For sale,,1052,Yellow,Orange,No,NA,NA,SocksTexNeontights0,Free,51,9583,party; theatrical,NA,neon tights,NA,NA,All Year,All Year,180,1x1,3,Able Sisters,Available from either Mabel's temporary shop or Able Sisters shop,,Active,Simple,ribe86zk8CSeDJcNX,Yes,Yellow,1.0.0,No
720,For sale,,1052,Green,Aqua,No,NA,NA,SocksTexNeontights3,Free,51,9696,party; theatrical,All Year,neon tights,NA,NA,All Year,All Year,180,1x1,4,Able Sisters,Available from either Mabel's temporary shop or Able Sisters shop,,Active,Simple,eQLqwi3PDf8SvShDJ,Yes,Green,1.0.0,No
720,For sale,,1052,Purple,Blue,No,NA,NA,SocksTexNeontights4,Free,51,9697,party; theatrical,NA,neon tights,NA,NA,All Year,All Year,180,1x1,5,Able Sisters,Available from either Mabel's temporary shop or Able Sisters shop,,Active,Simple,rqxeHWvFkEJxeELii,Yes,Purple,1.0.0,No
480,For sale,,535,White,Red,No,NA,NA,SocksTexSneakerin1,Free,51,10003,everyday; outdoorsy; comfy; sporty,All Year,no-show socks,NA,NA,All Year,Summer,120,1x1,1,Able Sisters,Available from either Mabel's temporary shop or Able Sisters shop,,Simple,Active,nsnHnWq7HcCK3dSS5,Yes,White,1.0.0,No
480,For sale,,535,Gray,Black,No,NA,NA,SocksTexSneakerin0,Free,51,4741,everyday; outdoorsy; comfy; sporty,Summer,no-show socks,NA,NA,All Year,Summer,120,1x1,2,Able Sisters,Available from either Mabel's temporary shop or Able Sisters shop,,Simple,Active,23uqWuWmWfQc9SZrT,Yes,Gray,1.0.0,No
480,For sale,,535,Red,Gray,No,NA,NA,SocksTexSneakerin2,Free,51,10004,everyday; outdoorsy; comfy; sporty,NA,no-show socks,NA,NA,All Year,Summer,120,1x1,3,Able Sisters,Available from either Mabel's temporary shop or Able Sisters shop,,Simple,Active,RSdqLjfMrxzg6Nmij,Yes,Berry red,1.0.0,No
480,For sale,,535,Orange,Purple,No,NA,NA,SocksTexSneakerin4,Free,51,10006,everyday; outdoorsy; comfy; sporty,NA,no-show socks,NA,NA,All Year,Summer,120,1x1,4,Able Sisters,Available from either Mabel's temporary shop or Able Sisters shop,,Simple,Active,QWGErd9MjKGGs4iPK,Yes,Orange,1.0.0,No
480,For sale,,535,Yellow,Aqua,No,NA,NA,SocksTexSneakerin7,Free,51,10009,everyday; outdoorsy; comfy; sporty,NA,no-show socks,NA,NA,All Year,Summer,120,1x1,5,Able Sisters,Available from either Mabel's temporary shop or Able Sisters shop,,Simple,Active,58eK8s82q6PQojHbZ,Yes,Yellow,1.0.0,No
480,For sale,,535,Green,Blue,No,NA,NA,SocksTexSneakerin5,Free,51,10007,everyday; outdoorsy; comfy; sporty,NA,no-show socks,NA,NA,All Year,Summer,120,1x1,6,Able Sisters,Available from either Mabel's temporary shop or Able Sisters shop,,Simple,Active,w7siY5WWvHdgEhgHS,Yes,Green,1.0.0,No
480,For sale,,535,Aqua,White,No,NA,NA,SocksTexSneakerin3,Free,51,10005,everyday; outdoorsy; comfy; sporty,All Year,no-show socks,NA,NA,All Year,Summer,120,1x1,7,Able Sisters,Available from either Mabel's temporary shop or Able Sisters shop,,Simple,Active,YvFWc5QiCGCypwRRn,Yes,Light blue,1.0.0,No
480,For sale,,535,Blue,Yellow,No,NA,NA,SocksTexSneakerin6,Free,51,10008,everyday; outdoorsy; comfy; sporty,NA,no-show socks,NA,NA,All Year,Summer,120,1x1,8,Able Sisters,Available from either Mabel's temporary shop or Able Sisters shop,,Simple,Active,8ttfsejMHiMv72kta,Yes,Navy blue,1.0.0,No
NFS,Not for sale,,1144,Yellow,Orange,No,Nook Miles,400,SocksTexBorderRco,Free,151,5629,everyday; outdoorsy; comfy,NA,Nook Inc. socks,NA,NA,All Year,All Year,2000,1x1,1,Nook Miles Redemption,,,Active,Simple,9aX93qfqKjkA3Ah4F,Yes,NA,1.0.0,No
840,For sale,,542,Gray,Black,No,NA,NA,SocksTexNordic4,Free,51,9892,everyday; outdoorsy; comfy,NA,nordic socks,Winter (shopping),No,Winter,Winter,210,1x1,1,Able Sisters,Available from either Mabel's temporary shop or Able Sisters shop,,Elegant,Simple,MBjHJKaxWHn8hJyeQ,Yes,Gray,1.0.0,No
840,For sale,,542,Red,Black,No,NA,NA,SocksTexNordic2,Free,51,9890,everyday; outdoorsy; comfy,Winter,nordic socks,Winter (shopping),No,Winter,Winter,210,1x1,2,Able Sisters,Available from either Mabel's temporary shop or Able Sisters shop,,Elegant,Simple,yKLbboCACLCSWPHmw,Yes,Red,1.0.0,No
840,For sale,,542,Green,Black,No,NA,NA,SocksTexNordic5,Free,51,9893,everyday; outdoorsy; comfy,Winter,nordic socks,Winter (shopping),No,Winter,Winter,210,1x1,3,Able Sisters,Available from either Mabel's temporary shop or Able Sisters shop,,Elegant,Simple,d9PWq3zpaRggPoN8R,Yes,Green,1.0.0,No
840,For sale,,542,Aqua,Black,No,NA,NA,SocksTexNordic6,Free,51,9894,everyday; outdoorsy; comfy,NA,nordic socks,Winter (shopping),No,Winter,Winter,210,1x1,4,Able Sisters,Available from either Mabel's temporary shop or Able Sisters shop,,Elegant,Simple,QAMoumSd9Fv7CwA6m,Yes,Light blue,1.0.0,No
840,For sale,,542,Blue,Black,No,NA,NA,SocksTexNordic3,Free,51,9891,everyday; outdoorsy; comfy,NA,nordic socks,Winter (shopping),No,Winter,Winter,210,1x1,5,Able Sisters,Available from either Mabel's temporary shop or Able Sisters shop,,Elegant,Simple,x493oaGe4pAqW8Tue,Yes,Blue,1.0.0,No
840,For sale,,542,Blue,Black,No,NA,NA,SocksTexNordic0,Free,51,4748,everyday; outdoorsy; comfy,NA,nordic socks,Winter (shopping),No,Winter,Winter,210,1x1,6,Able Sisters,Available from either Mabel's temporary shop or Able Sisters shop,,Elegant,Simple,YQkah68GuwuXS2Gnv,Yes,Navy blue,1.0.0,No
840,For sale,,542,Beige,Black,No,NA,NA,SocksTexNordic1,Free,51,9889,everyday; outdoorsy; comfy,NA,nordic socks,Winter (shopping),No,Winter,Winter,210,1x1,7,Able Sisters,Available from either Mabel's temporary shop or Able Sisters shop,,Elegant,Simple,HKdHEfY4v8cpzdGT2,Yes,Ivory,1.0.0,No
940,For sale,,928,White,White,No,NA,NA,SocksTexStripedot1,Free,51,9674,everyday; formal; party; theatrical,NA,patterned stockings,NA,NA,All Year,All Year,235,1x1,1,Able Sisters,Available from Able Sisters shop only,,Elegant,Simple,bbZrafLMe87ifZ6yK,Yes,White,1.0.0,No
940,For sale,,928,Black,Black,No,NA,NA,SocksTexStripedot0,Free,51,6046,everyday; formal; party; theatrical,All Year,patterned stockings,NA,NA,All Year,All Year,235,1x1,2,Able Sisters,Available from Able Sisters shop only,,Elegant,Simple,MPuQ9PxnjGgBdR4cr,Yes,Black,1.0.0,No
720,For sale,,611,Pink,White,No,NA,NA,SocksTexBobble0,Free,51,5179,everyday; fairy tale; comfy,NA,pom-pom socks,Winter (shopping),No,Winter,Spring,180,1x1,1,Able Sisters,Available from Able Sisters shop only,,Cute,Cute,xTxpqcYovDS7R4brm,Yes,Pink,1.0.0,No
720,For sale,,611,Orange,White,No,NA,NA,SocksTexBobble3,Free,51,9074,everyday; fairy tale; comfy,NA,pom-pom socks,Winter (shopping),No,Winter,Spring,180,1x1,2,Able Sisters,Available from Able Sisters shop only,,Cute,Cute,7cX6yDzovZqcytqYq,Yes,Orange,1.0.0,No
720,For sale,,611,Green,White,No,NA,NA,SocksTexBobble2,Free,51,9073,everyday; fairy tale; comfy,NA,pom-pom socks,Winter (shopping),No,Winter,Spring,180,1x1,3,Able Sisters,Available from Able Sisters shop only,,Cute,Cute,sJ4i4vbxAsffiM4PS,Yes,Green,1.0.0,No
720,For sale,,611,Aqua,White,No,NA,NA,SocksTexBobble1,Free,51,9072,everyday; fairy tale; comfy,NA,pom-pom socks,Winter (shopping),No,Winter,Spring,180,1x1,4,Able Sisters,Available from Able Sisters shop only,,Cute,Cute,X2Esyxf48CNDo7aS5,Yes,Blue,1.0.0,No
720,For sale,,611,Purple,White,No,NA,NA,SocksTexBobble4,Free,51,9075,everyday; fairy tale; comfy,NA,pom-pom socks,Winter (shopping),No,Winter,Spring,180,1x1,5,Able Sisters,Available from Able Sisters shop only,,Cute,Cute,p8pAsGdvNt3MhZJvQ,Yes,Purple,1.0.0,No
600,For sale,,622,Red,Red,No,NA,NA,SocksTexPucker1,Free,51,9078,everyday,NA,puckered socks,NA,NA,All Year,Autumn,150,1x1,1,Able Sisters,Available from Able Sisters shop only,,Elegant,Simple,tqbtYmMFqJea5Ly4H,Yes,Red,1.0.0,No
600,For sale,,622,Orange,Orange,No,NA,NA,SocksTexPucker0,Free,51,5198,everyday,NA,puckered socks,NA,NA,All Year,Autumn,150,1x1,2,Able Sisters,Available from Able Sisters shop only,,Elegant,Simple,jHhnoh4uTuxvfrRoR,Yes,Mustard,1.0.0,No
600,For sale,,622,Green,Green,No,NA,NA,SocksTexPucker3,Free,51,9080,everyday,NA,puckered socks,NA,NA,All Year,Autumn,150,1x1,3,Able Sisters,Available from Able Sisters shop only,,Elegant,Simple,CBvB7JPEmJTEfBqHG,Yes,Green,1.0.0,No
600,For sale,,622,Blue,Blue,No,NA,NA,SocksTexPucker2,Free,51,9079,everyday,NA,puckered socks,NA,NA,All Year,Autumn,150,1x1,4,Able Sisters,Available from Able Sisters shop only,,Elegant,Simple,Qjs7aEzAyXkYiEx2j,Yes,Blue,1.0.0,No
600,For sale,,622,Purple,Purple,No,NA,NA,SocksTexPucker4,Free,51,9081,everyday,NA,puckered socks,NA,NA,All Year,Autumn,150,1x1,5,Able Sisters,Available from Able Sisters shop only,,Elegant,Simple,pEZh2BMo5Ht2z4Qdn,Yes,Purple,1.0.0,No
550,For sale,,629,Black,Pink,No,NA,NA,SocksTexRun0,Free,51,5214,outdoorsy; sporty; work,NA,running tights,NA,NA,All Year,All Year,137,1x1,1,Able Sisters,Available from either Mabel's temporary shop or Able Sisters shop,,Active,Active,vtfGv2xygxLpzEQ6c,Yes,Pink,1.0.0,No
550,For sale,,629,Black,Yellow,No,NA,NA,SocksTexRun1,Free,51,9798,outdoorsy; sporty; work,NA,running tights,NA,NA,All Year,All Year,137,1x1,2,Able Sisters,Available from either Mabel's temporary shop or Able Sisters shop,,Active,Active,7cbeNaN77kh4PSrbn,Yes,Yellow,1.0.0,No
550,For sale,,629,Black,Green,No,NA,NA,SocksTexRun3,Free,51,9800,outdoorsy; sporty; work,NA,running tights,NA,NA,All Year,All Year,137,1x1,3,Able Sisters,Available from either Mabel's temporary shop or Able Sisters shop,,Active,Active,4HnvYfdvg6WwwBz9u,Yes,Green,1.0.0,No
550,For sale,,629,Black,Blue,No,NA,NA,SocksTexRun2,Free,51,9799,outdoorsy; sporty; work,All Year,running tights,NA,NA,All Year,All Year,137,1x1,4,Able Sisters,Available from either Mabel's temporary shop or Able Sisters shop,,Active,Active,4tutx5H5HC9TNWmFn,Yes,Blue,1.0.0,No
480,For sale,,1060,Red,Red,No,NA,NA,SocksTexNuancesocks1,Free,51,10027,everyday,NA,semi-opaque socks,NA,NA,All Year,All Year,120,1x1,1,Able Sisters,Available from Able Sisters shop only,,Elegant,Simple,9y7L6GWXoiMhXgsnf,Yes,Red,1.0.0,No
480,For sale,,1060,Pink,Pink,No,NA,NA,SocksTexNuancesocks4,Free,51,10030,everyday,NA,semi-opaque socks,NA,NA,All Year,All Year,120,1x1,2,Able Sisters,Available from Able Sisters shop only,,Elegant,Simple,fm5LhL9MfomtYc46n,Yes,Purple,1.0.0,No
480,For sale,,1060,Yellow,Yellow,No,NA,NA,SocksTexNuancesocks5,Free,51,10031,everyday,NA,semi-opaque socks,NA,NA,All Year,All Year,120,1x1,3,Able Sisters,Available from Able Sisters shop only,,Elegant,Simple,KLmZ9YcLY8dcH3nxQ,Yes,Camel,1.0.0,No
480,For sale,,1060,Green,Green,No,NA,NA,SocksTexNuancesocks6,Free,51,10032,everyday,NA,semi-opaque socks,NA,NA,All Year,All Year,120,1x1,4,Able Sisters,Available from Able Sisters shop only,,Elegant,Simple,eDjvXAE53RX4Y4uRb,Yes,Avocado,1.0.0,No
480,For sale,,1060,Green,Green,No,NA,NA,SocksTexNuancesocks0,Free,51,9644,everyday,NA,semi-opaque socks,NA,NA,All Year,All Year,120,1x1,5,Able Sisters,Available from Able Sisters shop only,,Elegant,Simple,aDd9YECbDwxmdtYRN,Yes,Green,1.0.0,No
480,For sale,,1060,Blue,Blue,No,NA,NA,SocksTexNuancesocks2,Free,51,10028,everyday,NA,semi-opaque socks,NA,NA,All Year,All Year,120,1x1,6,Able Sisters,Available from Able Sisters shop only,,Elegant,Simple,cuQ2Efgb8W3eYPQMr,Yes,Blue,1.0.0,No
480,For sale,,1060,Purple,Purple,No,NA,NA,SocksTexNuancesocks3,Free,51,10029,everyday,NA,semi-opaque socks,NA,NA,All Year,All Year,120,1x1,7,Able Sisters,Available from Able Sisters shop only,,Elegant,Simple,sqE8jqYCHjdpHJLD5,Yes,Navy blue,1.0.0,No
480,For sale,,1060,Brown,Brown,No,NA,NA,SocksTexNuancesocks7,Free,51,10033,everyday,NA,semi-opaque socks,NA,NA,All Year,All Year,120,1x1,8,Able Sisters,Available from Able Sisters shop only,,Elegant,Simple,seWE9o2TE28kpMDjm,Yes,Brown,1.0.0,No
720,For sale,,1049,Red,Red,No,NA,NA,SocksTexNuancetights6,Free,51,9680,everyday,NA,semi-opaque tights,NA,NA,All Year,All Year,180,1x1,1,Able Sisters,Available from Able Sisters shop only,,Elegant,Simple,SG5Y2GgkbZ3bfrKzG,Yes,Red,1.0.0,No
720,For sale,,1049,Pink,Pink,No,NA,NA,SocksTexNuancetights5,Free,51,9679,everyday,NA,semi-opaque tights,NA,NA,All Year,All Year,180,1x1,2,Able Sisters,Available from Able Sisters shop only,,Elegant,Simple,g4dSGvzNvZLb5woZ2,Yes,Pink,1.0.0,No
720,For sale,,1049,Orange,Orange,No,NA,NA,SocksTexNuancetights0,Free,51,9580,everyday,NA,semi-opaque tights,NA,NA,All Year,All Year,180,1x1,3,Able Sisters,Available from Able Sisters shop only,,Elegant,Simple,4tvCsLmAJBucyRFh4,Yes,Brown,1.0.0,No
720,For sale,,1049,Yellow,Yellow,No,NA,NA,SocksTexNuancetights1,Free,51,9675,everyday,NA,semi-opaque tights,NA,NA,All Year,All Year,180,1x1,4,Able Sisters,Available from Able Sisters shop only,,Elegant,Simple,wrzsLNreDDJSx9rcv,Yes,Yellow,1.0.0,No
720,For sale,,1049,Green,Green,No,NA,NA,SocksTexNuancetights7,Free,51,9681,everyday,NA,semi-opaque tights,NA,NA,All Year,All Year,180,1x1,5,Able Sisters,Available from Able Sisters shop only,,Elegant,Simple,Z36xyWkyy3QY6egTc,Yes,Yellow-green,1.0.0,No
720,For sale,,1049,Green,Green,No,NA,NA,SocksTexNuancetights2,Free,51,9676,everyday,NA,semi-opaque tights,NA,NA,All Year,All Year,180,1x1,6,Able Sisters,Available from Able Sisters shop only,,Elegant,Simple,dybLNTRi3jQvD8Tdq,Yes,Green,1.0.0,No
720,For sale,,1049,Blue,Blue,No,NA,NA,SocksTexNuancetights4,Free,51,9678,everyday,Winter,semi-opaque tights,NA,NA,All Year,All Year,180,1x1,7,Able Sisters,Available from Able Sisters shop only,,Elegant,Simple,GtaHiEpq7oDHgytbC,Yes,Blue,1.0.0,No
720,For sale,,1049,Purple,Purple,No,NA,NA,SocksTexNuancetights3,Free,51,9677,everyday,NA,semi-opaque tights,NA,NA,All Year,All Year,180,1x1,8,Able Sisters,Available from Able Sisters shop only,,Elegant,Simple,TQaSHhuiZi36xa2Jx,Yes,Purple,1.0.0,No
940,For sale,,537,White,White,No,NA,NA,SocksTexSequins4,Free,23,11583,party; theatrical,NA,sequin leggings,NA,NA,All Year,All Year,235,1x1,1,Kicks; Kicks' Co-op,,,Gorgeous,Gorgeous,Mp6tw5WGZKDfC3r9Q,Yes,White,1.0.0,No
940,For sale,,537,Black,Black,No,NA,NA,SocksTexSequins2,Free,23,11581,party; theatrical,NA,sequin leggings,NA,NA,All Year,All Year,235,1x1,2,Kicks; Kicks' Co-op,,,Gorgeous,Gorgeous,LYwjTYKtgGPanWj78,Yes,Black,1.0.0,No
940,For sale,,537,Red,Red,No,NA,NA,SocksTexSequins1,Free,23,11580,party; theatrical,NA,sequin leggings,NA,NA,All Year,All Year,235,1x1,3,Kicks; Kicks' Co-op,,,Gorgeous,Gorgeous,Jk6c6Hi3y4tWEsGmb,Yes,Red,1.0.0,No
940,For sale,,537,Pink,Pink,No,NA,NA,SocksTexSequins0,Free,23,4743,party; theatrical,NA,sequin leggings,NA,NA,All Year,All Year,235,1x1,4,Kicks; Kicks' Co-op,,,Gorgeous,Gorgeous,pKRC3yY3R5RkyxY5x,Yes,Pink,1.0.0,No
940,For sale,,537,Yellow,Yellow,No,NA,NA,SocksTexSequins3,Free,23,11582,party; theatrical,NA,sequin leggings,NA,NA,All Year,All Year,235,1x1,5,Kicks; Kicks' Co-op,,,Gorgeous,Gorgeous,Esh9SXsXcdtLvBaNY,Yes,Yellow,1.0.0,No
940,For sale,,537,Green,Green,No,NA,NA,SocksTexSequins7,Free,23,11586,party; theatrical,NA,sequin leggings,NA,NA,All Year,All Year,235,1x1,6,Kicks; Kicks' Co-op,,,Gorgeous,Gorgeous,J53GKGigQmiYbR92q,Yes,Green,1.0.0,No
940,For sale,,537,Blue,Blue,No,NA,NA,SocksTexSequins5,Free,23,11584,party; theatrical,NA,sequin leggings,NA,NA,All Year,All Year,235,1x1,7,Kicks; Kicks' Co-op,,,Gorgeous,Gorgeous,CN7jyWoBhp9yTgyC6,Yes,Blue,1.0.0,No
940,For sale,,537,Purple,Purple,No,NA,NA,SocksTexSequins6,Free,23,11585,party; theatrical,NA,sequin leggings,NA,NA,All Year,All Year,235,1x1,8,Kicks; Kicks' Co-op,,,Gorgeous,Gorgeous,NQtAZA8S9JxtKcuvJ,Yes,Purple,1.0.0,No
600,For sale,,886,Gray,Gray,No,NA,NA,SocksTexSeethrough5,Free,23,9932,everyday; formal; party,NA,sheer socks,Fall (shopping),Yes,Fall,Autumn,150,1x1,1,Kicks; Kicks' Co-op,,,Elegant,Cute,38sduqDDHJFtnAfuF,Yes,Gray,1.0.0,No
600,For sale,,886,Red,Red,No,NA,NA,SocksTexSeethrough1,Free,23,9928,everyday; formal; party,NA,sheer socks,Fall (shopping),Yes,Fall,Autumn,150,1x1,2,Kicks; Kicks' Co-op,,,Elegant,Cute,vwEun3iFbpAxkN9YM,Yes,Berry red,1.0.0,No
600,For sale,,886,Green,Green,No,NA,NA,SocksTexSeethrough3,Free,23,9930,everyday; formal; party,NA,sheer socks,Fall (shopping),Yes,Fall,Autumn,150,1x1,3,Kicks; Kicks' Co-op,,,Elegant,Cute,j7pziPZTkZveBAuPv,Yes,Green,1.0.0,No
600,For sale,,886,Green,Green,No,NA,NA,SocksTexSeethrough4,Free,23,9931,everyday; formal; party,NA,sheer socks,Fall (shopping),Yes,Fall,Autumn,150,1x1,4,Kicks; Kicks' Co-op,,,Elegant,Cute,WNq5e8Fxyh8xiXGQx,Yes,Olive,1.0.0,No
600,For sale,,886,Blue,Blue,No,NA,NA,SocksTexSeethrough0,Free,23,5812,everyday; formal; party,NA,sheer socks,Fall (shopping),Yes,Fall,Autumn,150,1x1,5,Kicks; Kicks' Co-op,,,Elegant,Cute,nMjTv2ajZrHaFzWcJ,Yes,Blue,1.0.0,No
600,For sale,,886,Brown,Brown,No,NA,NA,SocksTexSeethrough2,Free,23,9929,everyday; formal; party,NA,sheer socks,Fall (shopping),Yes,Fall,Autumn,150,1x1,6,Kicks; Kicks' Co-op,,,Elegant,Cute,Yg79sKrkCuNmim6Lh,Yes,Brown,1.0.0,No
600,For sale,,1189,White,White,No,NA,NA,SocksTexSimpleknee1,Free,23,12182,everyday,NA,simple knee-high socks,NA,NA,All Year,All Year,150,1x1,1,Kicks; Kicks' Co-op,,,Cute,Simple,XtJFPeWuftyf2oPz4,Yes,White,1.0.0,No
600,For sale,,1189,Red,Red,No,NA,NA,SocksTexSimpleknee2,Free,23,12183,everyday,NA,simple knee-high socks,NA,NA,All Year,All Year,150,1x1,2,Kicks; Kicks' Co-op,,,Cute,Simple,RGA5qnS5QpyYE9YMo,Yes,Red,1.0.0,No
600,For sale,,1189,Pink,Pink,No,NA,NA,SocksTexSimpleknee0,Free,23,12175,everyday,NA,simple knee-high socks,NA,NA,All Year,All Year,150,1x1,3,Kicks; Kicks' Co-op,,,Cute,Simple,zFnCYaxy784dqgR64,Yes,Pink,1.0.0,No
600,For sale,,1189,Aqua,Aqua,No,NA,NA,SocksTexSimpleknee3,Free,23,12184,everyday,NA,simple knee-high socks,NA,NA,All Year,All Year,150,1x1,4,Kicks; Kicks' Co-op,,,Cute,Simple,SxXnBrRAxfq3x28sc,Yes,Blue,1.0.0,No
720,For sale,,624,White,Black,No,NA,NA,SocksTexOnepoint2,Free,51,9083,everyday; formal,Summer,simple-accent socks,NA,NA,All Year,Spring,180,1x1,1,Able Sisters,Available from either Mabel's temporary shop or Able Sisters shop,,Simple,Simple,oDiizez3yxj6HtyQr,Yes,White,1.0.0,No
720,For sale,,624,Gray,Aqua,No,NA,NA,SocksTexOnepoint3,Free,51,9084,everyday; formal,NA,simple-accent socks,NA,NA,All Year,Spring,180,1x1,2,Able Sisters,Available from either Mabel's temporary shop or Able Sisters shop,,Simple,Simple,og9QPp6jXLwv9RfEZ,Yes,Gray,1.0.0,No
720,For sale,,624,Black,White,No,NA,NA,SocksTexOnepoint1,Free,51,9082,everyday; formal,NA,simple-accent socks,NA,NA,All Year,Spring,180,1x1,3,Able Sisters,Available from either Mabel's temporary shop or Able Sisters shop,,Simple,Simple,aF6MoJRq25nmozuqJ,Yes,Black,1.0.0,No
720,For sale,,624,Red,Black,No,NA,NA,SocksTexOnepoint6,Free,51,9087,everyday; formal,NA,simple-accent socks,NA,NA,All Year,Spring,180,1x1,4,Able Sisters,Available from either Mabel's temporary shop or Able Sisters shop,,Simple,Simple,4sozM46zqJys5bcFt,Yes,Red,1.0.0,No
720,For sale,,624,Pink,White,No,NA,NA,SocksTexOnepoint7,Free,51,9088,everyday; formal,NA,simple-accent socks,NA,NA,All Year,Spring,180,1x1,5,Able Sisters,Available from either Mabel's temporary shop or Able Sisters shop,,Simple,Simple,ZKHg7YC8qTrpLm76X,Yes,Pink,1.0.0,No
720,For sale,,624,Orange,Yellow,No,NA,NA,SocksTexOnepoint5,Free,51,9086,everyday; formal,All Year,simple-accent socks,NA,NA,All Year,Spring,180,1x1,6,Able Sisters,Available from either Mabel's temporary shop or Able Sisters shop,,Simple,Simple,AYXDKak7MRoKKJ24J,Yes,Orange,1.0.0,No
720,For sale,,624,Blue,Red,No,NA,NA,SocksTexOnepoint0,Free,51,5200,everyday; formal,Summer,simple-accent socks,NA,NA,All Year,Spring,180,1x1,7,Able Sisters,Available from either Mabel's temporary shop or Able Sisters shop,,Simple,Simple,pXiEbRv6KpRzR2HhF,Yes,Navy blue,1.0.0,No
720,For sale,,624,Blue,Aqua,No,NA,NA,SocksTexOnepoint4,Free,51,9085,everyday; formal,NA,simple-accent socks,NA,NA,All Year,Spring,180,1x1,8,Able Sisters,Available from either Mabel's temporary shop or Able Sisters shop,,Simple,Simple,4odTg8BmPySYZensZ,Yes,Blue,1.0.0,No
800,For sale,,609,White,Black,No,NA,NA,SocksTexFootball6,Free,23,9978,sporty; work,NA,soccer socks,NA,NA,All Year,All Year,200,1x1,1,Kicks; Kicks' Co-op,,,Active,Active,y72GvNAoswc8fgK6p,Yes,White,1.0.0,No
800,For sale,,609,Black,White,No,NA,NA,SocksTexFootball4,Free,23,9976,sporty; work,NA,soccer socks,NA,NA,All Year,All Year,200,1x1,2,Kicks; Kicks' Co-op,,,Active,Active,kSEJpobnFBFviu4sX,Yes,Black,1.0.0,No
800,For sale,,609,Red,White,No,NA,NA,SocksTexFootball1,Free,23,9973,sporty; work,NA,soccer socks,NA,NA,All Year,All Year,200,1x1,3,Kicks; Kicks' Co-op,,,Active,Active,4QejjPC38oza2u98X,Yes,Red,1.0.0,No
800,For sale,,609,Orange,White,No,NA,NA,SocksTexFootball5,Free,23,9977,sporty; work,NA,soccer socks,NA,NA,All Year,All Year,200,1x1,4,Kicks; Kicks' Co-op,,,Active,Active,tsnTTCg9bosbBLXpS,Yes,Orange,1.0.0,No
800,For sale,,609,Green,White,No,NA,NA,SocksTexFootball2,Free,23,9974,sporty; work,NA,soccer socks,NA,NA,All Year,All Year,200,1x1,5,Kicks; Kicks' Co-op,,,Active,Active,zbWuXc2n8WYG7rnNY,Yes,Green,1.0.0,No
800,For sale,,609,Aqua,White,No,NA,NA,SocksTexFootball3,Free,23,9975,sporty; work,NA,soccer socks,NA,NA,All Year,All Year,200,1x1,6,Kicks; Kicks' Co-op,,,Active,Active,Mk4mRFChWdZxYsqcu,Yes,Light blue,1.0.0,No
800,For sale,,609,Blue,White,No,NA,NA,SocksTexFootball0,Free,23,5177,sporty; work,NA,soccer socks,NA,NA,All Year,All Year,200,1x1,7,Kicks; Kicks' Co-op,,,Active,Active,xwcWvpsyxDjwwF7jt,Yes,Blue,1.0.0,No
720,For sale,,627,White,White,No,NA,NA,SocksTexSpider1,Free,23,9671,goth; party; theatrical,NA,spider-web tights,Fall (shopping),Yes,Fall,Autumn,180,1x1,1,Kicks; Kicks' Co-op,,,Cool,Cool,Q8ktndrSuTbgX4GWP,Yes,White,1.0.0,No
720,For sale,,627,Black,Black,No,NA,NA,SocksTexSpider0,Free,23,5203,goth; party; theatrical,NA,spider-web tights,Fall (shopping),Yes,Fall,Autumn,180,1x1,2,Kicks; Kicks' Co-op,,,Cool,Cool,SR5g7wLo5uvQ9TaYe,Yes,Black,1.0.0,No
720,For sale,,627,Orange,Orange,No,NA,NA,SocksTexSpider2,Free,23,9672,goth; party; theatrical,NA,spider-web tights,Fall (shopping),Yes,Fall,Autumn,180,1x1,3,Kicks; Kicks' Co-op,,,Cool,Cool,vbFcKTrEoZZ4EjYWC,Yes,Orange,1.0.0,No
720,For sale,,627,Purple,Purple,No,NA,NA,SocksTexSpider3,Free,23,9673,goth; party; theatrical,NA,spider-web tights,Fall (shopping),Yes,Fall,Autumn,180,1x1,4,Kicks; Kicks' Co-op,,,Cool,Cool,8GMMKmgvcPFx5z4sK,Yes,Purple,1.0.0,No
480,For sale,,47,White,White,No,NA,NA,SocksTexTights2,Free,51,9656,everyday; work,NA,stockings,NA,NA,All Year,Autumn,120,1x1,1,Able Sisters,Available from either Mabel's temporary shop or Able Sisters shop,,Simple,Simple,psXxbMdjsh7D9tHpQ,Yes,White,1.0.0,No
480,For sale,,47,Gray,Gray,No,NA,NA,SocksTexTights1,Free,51,9655,everyday; work,NA,stockings,NA,NA,All Year,Autumn,120,1x1,2,Able Sisters,Available from either Mabel's temporary shop or Able Sisters shop,,Simple,Simple,LcGtPT8D5FAwyTDeH,Yes,Gray,1.0.0,No
480,For sale,,47,Black,Black,No,NA,NA,SocksTexTights0,Free,51,3095,everyday; work,NA,stockings,NA,NA,All Year,Autumn,120,1x1,3,Able Sisters,Available from either Mabel's temporary shop or Able Sisters shop,,Simple,Simple,2uXpSKSXayL8rWmwq,Yes,Black,1.0.0,No
480,For sale,,47,Brown,Brown,No,NA,NA,SocksTexTights3,Free,51,9657,everyday; work,NA,stockings,NA,NA,All Year,Autumn,120,1x1,4,Able Sisters,Available from either Mabel's temporary shop or Able Sisters shop,,Simple,Simple,GnwPZXALfY7WD3FZh,Yes,Brown,1.0.0,No
480,For sale,,47,Beige,Beige,No,NA,NA,SocksTexTights4,Free,51,9658,everyday; work,All Year,stockings,NA,NA,All Year,Autumn,120,1x1,5,Able Sisters,Available from either Mabel's temporary shop or Able Sisters shop,,Simple,Simple,BBH3W3NDeZqwSizDY,Yes,Beige,1.0.0,No
450,For sale,,538,White,White,No,NA,NA,SocksTexLeggings3,Free,51,9778,everyday; outdoorsy; sporty,NA,stretch leggings,NA,NA,All Year,All Year,112,1x1,1,Able Sisters,Available from either Mabel's temporary shop or Able Sisters shop,,Simple,Simple,ERLTKc3eKLSNLN9eZ,Yes,White,1.0.0,No
450,For sale,,538,Gray,Gray,No,NA,NA,SocksTexLeggings1,Free,51,9776,everyday; outdoorsy; sporty,All Year,stretch leggings,NA,NA,All Year,All Year,112,1x1,2,Able Sisters,Available from either Mabel's temporary shop or Able Sisters shop,,Simple,Simple,6H8evYPQyriD32JQg,Yes,Gray,1.0.0,No
450,For sale,,538,Gray,Gray,No,NA,NA,SocksTexLeggings2,Free,51,9777,everyday; outdoorsy; sporty,Summer,stretch leggings,NA,NA,All Year,All Year,112,1x1,3,Able Sisters,Available from either Mabel's temporary shop or Able Sisters shop,,Simple,Simple,KSfWAQcAE6BqrYSRP,Yes,Dark gray,1.0.0,No
450,For sale,,538,Black,Black,No,NA,NA,SocksTexLeggings4,Free,51,9779,everyday; outdoorsy; sporty,All Year,stretch leggings,NA,NA,All Year,All Year,112,1x1,4,Able Sisters,Available from either Mabel's temporary shop or Able Sisters shop,,Simple,Simple,jW9cCN469obn7jucv,Yes,Black,1.0.0,No
450,For sale,,538,Green,Green,No,NA,NA,SocksTexLeggings6,Free,51,9781,everyday; outdoorsy; sporty,Winter,stretch leggings,NA,NA,All Year,All Year,112,1x1,5,Able Sisters,Available from either Mabel's temporary shop or Able Sisters shop,,Simple,Simple,9Z3ddEpG4AYFQxaEj,Yes,Green,1.0.0,No
450,For sale,,538,Blue,Blue,No,NA,NA,SocksTexLeggings0,Free,51,4744,everyday; outdoorsy; sporty,NA,stretch leggings,NA,NA,All Year,All Year,112,1x1,6,Able Sisters,Available from either Mabel's temporary shop or Able Sisters shop,,Simple,Simple,ixedzMQJwA7Zif56r,Yes,Navy blue,1.0.0,No
450,For sale,,538,Brown,Brown,No,NA,NA,SocksTexLeggings5,Free,51,9780,everyday; outdoorsy; sporty,NA,stretch leggings,NA,NA,All Year,All Year,112,1x1,7,Able Sisters,Available from either Mabel's temporary shop or Able Sisters shop,,Simple,Simple,SHRKAQav7w9yMQPag,Yes,Brown,1.0.0,No
600,For sale,,623,Black,White,No,NA,NA,SocksTexBorder0,Free,51,5199,everyday; comfy,NA,striped socks,NA,NA,All Year,All Year,150,1x1,1,Able Sisters,Available from either Mabel's temporary shop or Able Sisters shop,,Simple,Simple,t9tggbKqbrE7cm7ZY,Yes,Monotone,1.0.0,No
600,For sale,,623,Red,White,No,NA,NA,SocksTexBorder5,Free,51,9999,everyday; comfy,NA,striped socks,NA,NA,All Year,All Year,150,1x1,2,Able Sisters,Available from either Mabel's temporary shop or Able Sisters shop,,Simple,Simple,2ECQP2p6gd3d2Xiqq,Yes,Red,1.0.0,No
600,For sale,,623,Orange,White,No,NA,NA,SocksTexBorder4,Free,51,9998,everyday; comfy,NA,striped socks,NA,NA,All Year,All Year,150,1x1,3,Able Sisters,Available from either Mabel's temporary shop or Able Sisters shop,,Simple,Simple,EoL5z2pvu3WkYoENu,Yes,Orange,1.0.0,No
600,For sale,,623,Yellow,White,No,NA,NA,SocksTexBorder3,Free,51,9997,everyday; comfy,NA,striped socks,NA,NA,All Year,All Year,150,1x1,4,Able Sisters,Available from either Mabel's temporary shop or Able Sisters shop,,Simple,Simple,LxMR9hdCLhn7g2Y9D,Yes,Yellow,1.0.0,No
600,For sale,,623,Green,White,No,NA,NA,SocksTexBorder2,Free,51,9996,everyday; comfy,NA,striped socks,NA,NA,All Year,All Year,150,1x1,5,Able Sisters,Available from either Mabel's temporary shop or Able Sisters shop,,Simple,Simple,qSyP6Jt6tHYQR3vEN,Yes,Green,1.0.0,No
600,For sale,,623,Aqua,White,No,NA,NA,SocksTexBorder1,Free,51,6902,everyday; comfy,NA,striped socks,NA,NA,All Year,All Year,150,1x1,6,Able Sisters,Available from either Mabel's temporary shop or Able Sisters shop,,Simple,Simple,rbnvg68hfQu4YFrWn,Yes,Light blue,1.0.0,No
600,For sale,,623,Blue,White,No,NA,NA,SocksTexBorder7,Free,51,10001,everyday; comfy,NA,striped socks,NA,NA,All Year,All Year,150,1x1,7,Able Sisters,Available from either Mabel's temporary shop or Able Sisters shop,,Simple,Simple,v4aS6bX6iZQm5vbzM,Yes,Blue,1.0.0,No
600,For sale,,623,Purple,White,No,NA,NA,SocksTexBorder6,Free,51,10000,everyday; comfy,NA,striped socks,NA,NA,All Year,All Year,150,1x1,8,Able Sisters,Available from either Mabel's temporary shop or Able Sisters shop,,Simple,Simple,XXHrJMsWnq2SuvFGz,Yes,Purple,1.0.0,No
720,For sale,,927,Gray,Black,No,NA,NA,SocksTexStripe1,Free,51,9937,party; theatrical,NA,striped tights,NA,NA,All Year,All Year,180,1x1,1,Able Sisters,Available from Able Sisters shop only,,Gorgeous,Gorgeous,fCNB87FXmS7cJJtkQ,Yes,Gray,1.0.0,No
720,For sale,,927,Red,Black,No,NA,NA,SocksTexStripe0,Free,51,6045,party; theatrical,NA,striped tights,NA,NA,All Year,All Year,180,1x1,2,Able Sisters,Available from Able Sisters shop only,,Gorgeous,Gorgeous,PNMohFRGwDWXGQ7r9,Yes,Red,1.0.0,No
720,For sale,,927,Pink,Black,No,NA,NA,SocksTexStripe2,Free,51,9938,party; theatrical,NA,striped tights,NA,NA,All Year,All Year,180,1x1,3,Able Sisters,Available from Able Sisters shop only,,Gorgeous,Gorgeous,GjSvq9AEsbSj4L4ct,Yes,Pink,1.0.0,No
720,For sale,,927,Orange,Black,No,NA,NA,SocksTexStripe7,Free,51,9943,party; theatrical,NA,striped tights,NA,NA,All Year,All Year,180,1x1,4,Able Sisters,Available from Able Sisters shop only,,Gorgeous,Gorgeous,MFxpesNYcvptjTHHY,Yes,Orange,1.0.0,No
720,For sale,,927,Yellow,Black,No,NA,NA,SocksTexStripe4,Free,51,9940,party; theatrical,NA,striped tights,NA,NA,All Year,All Year,180,1x1,5,Able Sisters,Available from Able Sisters shop only,,Gorgeous,Gorgeous,bxoHZt9xhQQAWnk6e,Yes,Yellow,1.0.0,No
720,For sale,,927,Green,Black,No,NA,NA,SocksTexStripe6,Free,51,9942,party; theatrical,NA,striped tights,NA,NA,All Year,All Year,180,1x1,6,Able Sisters,Available from Able Sisters shop only,,Gorgeous,Gorgeous,vx83ey5MNpgbkw7d8,Yes,Green,1.0.0,No
720,For sale,,927,Aqua,Black,No,NA,NA,SocksTexStripe3,Free,51,9939,party; theatrical,NA,striped tights,NA,NA,All Year,All Year,180,1x1,7,Able Sisters,Available from Able Sisters shop only,,Gorgeous,Gorgeous,ascM9HQW8zQ836QHZ,Yes,Light blue,1.0.0,No
720,For sale,,927,Purple,Black,No,NA,NA,SocksTexStripe5,Free,51,9941,party; theatrical,NA,striped tights,NA,NA,All Year,All Year,180,1x1,8,Able Sisters,Available from Able Sisters shop only,,Gorgeous,Gorgeous,xjPhMuuZLe7g5nQux,Yes,Purple,1.0.0,No
1200,For sale,,543,White,White,No,NA,NA,SocksTexTabi0,Free,51,4749,everyday; formal; party,NA,tabi,NA,NA,All Year,All Year,300,1x1,1,Able Sisters,Available from Able Sisters shop only,,Simple,Simple,KfRLgXY6TYdMTrS8A,Yes,White,1.0.0,No
1200,For sale,,543,Black,Black,No,NA,NA,SocksTexTabi1,Free,51,8929,everyday; formal; party,NA,tabi,NA,NA,All Year,All Year,300,1x1,2,Able Sisters,Available from Able Sisters shop only,,Simple,Simple,iph2HdeGDjsBYj8Yx,Yes,Black,1.0.0,No
1200,For sale,,543,Blue,Blue,No,NA,NA,SocksTexTabi2,Free,51,8930,everyday; formal; party,NA,tabi,NA,NA,All Year,All Year,300,1x1,3,Able Sisters,Available from Able Sisters shop only,,Simple,Simple,brQgmrTHCaRLuxPrt,Yes,Navy blue,1.0.0,No
600,For sale,,613,Gray,White,No,NA,NA,SocksTexFluffy6,Free,51,9984,fairy tale; comfy,NA,terry-cloth socks,Winter (shopping),No,Winter,Winter,150,1x1,1,Able Sisters,Available from either Mabel's temporary shop or Able Sisters shop,,Cute,Cute,oWyAYb3Tm9QD65J8v,Yes,Gray,1.0.0,No
600,For sale,,613,Red,White,No,NA,NA,SocksTexFluffy5,Free,51,9983,fairy tale; comfy,NA,terry-cloth socks,Winter (shopping),No,Winter,Winter,150,1x1,2,Able Sisters,Available from either Mabel's temporary shop or Able Sisters shop,,Cute,Cute,bQKLrkboL3tGTmJ5i,Yes,Red,1.0.0,No
600,For sale,,613,Pink,White,No,NA,NA,SocksTexFluffy0,Free,51,5181,fairy tale; comfy,NA,terry-cloth socks,Winter (shopping),No,Winter,Winter,150,1x1,3,Able Sisters,Available from either Mabel's temporary shop or Able Sisters shop,,Cute,Cute,zG2c5nGSwNAtEYA24,Yes,Pink,1.0.0,No
600,For sale,,613,Green,White,No,NA,NA,SocksTexFluffy3,Free,51,9981,fairy tale; comfy,NA,terry-cloth socks,Winter (shopping),No,Winter,Winter,150,1x1,4,Able Sisters,Available from either Mabel's temporary shop or Able Sisters shop,,Cute,Cute,J4oqoEe8hyEz9qBob,Yes,Green,1.0.0,No
600,For sale,,613,Aqua,White,No,NA,NA,SocksTexFluffy2,Free,51,9980,fairy tale; comfy,NA,terry-cloth socks,Winter (shopping),No,Winter,Winter,150,1x1,5,Able Sisters,Available from either Mabel's temporary shop or Able Sisters shop,,Cute,Cute,hygdPjz55qgkjrdxz,Yes,Blue,1.0.0,No
600,For sale,,613,Purple,White,No,NA,NA,SocksTexFluffy1,Free,51,9979,fairy tale; comfy,NA,terry-cloth socks,Winter (shopping),No,Winter,Winter,150,1x1,6,Able Sisters,Available from either Mabel's temporary shop or Able Sisters shop,,Cute,Cute,kSPNXN3pQosJcuwgG,Yes,Purple,1.0.0,No
600,For sale,,613,Beige,White,No,NA,NA,SocksTexFluffy4,Free,51,9982,fairy tale; comfy,NA,terry-cloth socks,Winter (shopping),No,Winter,Winter,150,1x1,7,Able Sisters,Available from either Mabel's temporary shop or Able Sisters shop,,Cute,Cute,wtcZP59Bep5AdBvnW,Yes,Beige,1.0.0,No
480,For sale,,540,White,Red,No,NA,NA,SocksTexLine3,Free,51,9968,everyday; outdoorsy; sporty,NA,tube socks,NA,NA,All Year,All Year,120,1x1,1,Able Sisters,Available from either Mabel's temporary shop or Able Sisters shop,,Simple,Active,R5s3b5xWWYSfshCR2,Yes,Red,1.0.0,No
480,For sale,,540,White,Orange,No,NA,NA,SocksTexLine1,Free,51,9966,everyday; outdoorsy; sporty,All Year,tube socks,NA,NA,All Year,All Year,120,1x1,2,Able Sisters,Available from either Mabel's temporary shop or Able Sisters shop,,Simple,Active,uKZ6dMzWnvFWRds6j,Yes,Orange,1.0.0,No
480,For sale,,540,White,Green,No,NA,NA,SocksTexLine2,Free,51,9967,everyday; outdoorsy; sporty,NA,tube socks,NA,NA,All Year,All Year,120,1x1,3,Able Sisters,Available from either Mabel's temporary shop or Able Sisters shop,,Simple,Active,jSogLE7tMPqgbgYqm,Yes,Green,1.0.0,No
480,For sale,,540,White,Blue,No,NA,NA,SocksTexLine0,Free,51,4746,everyday; outdoorsy; sporty,NA,tube socks,NA,NA,All Year,All Year,120,1x1,4,Able Sisters,Available from either Mabel's temporary shop or Able Sisters shop,,Simple,Active,xoupDJWYgiuYScJjP,Yes,Blue,1.0.0,No
480,For sale,,540,Gray,Red,No,NA,NA,SocksTexLine5,Free,51,9970,everyday; outdoorsy; sporty,NA,tube socks,NA,NA,All Year,All Year,120,1x1,5,Able Sisters,Available from either Mabel's temporary shop or Able Sisters shop,,Simple,Active,5KWePAFBtAZXKMZk2,Yes,Berry red,1.0.0,No
480,For sale,,540,Gray,Green,No,NA,NA,SocksTexLine6,Free,51,9971,everyday; outdoorsy; sporty,NA,tube socks,NA,NA,All Year,All Year,120,1x1,6,Able Sisters,Available from either Mabel's temporary shop or Able Sisters shop,,Simple,Active,t9Q2Hk6RbHFt7ph5t,Yes,Dark green,1.0.0,No
480,For sale,,540,Gray,Blue,No,NA,NA,SocksTexLine4,Free,51,9969,everyday; outdoorsy; sporty,NA,tube socks,NA,NA,All Year,All Year,120,1x1,7,Able Sisters,Available from either Mabel's temporary shop or Able Sisters shop,,Simple,Active,BuvT97X2dh9FY2BYf,Yes,Navy blue,1.0.0,No
480,For sale,,540,Gray,Purple,No,NA,NA,SocksTexLine7,Free,51,9972,everyday; outdoorsy; sporty,NA,tube socks,NA,NA,All Year,All Year,120,1x1,8,Able Sisters,Available from either Mabel's temporary shop or Able Sisters shop,,Simple,Active,PnoczFigxSjbCZwA2,Yes,Purple,1.0.0,No
480,For sale,,600,White,White,No,NA,NA,SocksTexFootcover7,Free,51,10016,everyday; outdoorsy; sporty,NA,ultra no-show socks,NA,NA,All Year,Summer,120,1x1,1,Able Sisters,Available from either Mabel's temporary shop or Able Sisters shop,,Simple,Active,oMaoadYMsSq69Wwim,Yes,White,1.0.0,No
480,For sale,,600,Black,Black,No,NA,NA,SocksTexFootcover6,Free,51,10015,everyday; outdoorsy; sporty,NA,ultra no-show socks,NA,NA,All Year,Summer,120,1x1,2,Able Sisters,Available from either Mabel's temporary shop or Able Sisters shop,,Simple,Active,oCkrAgFbomNriMJY3,Yes,Black,1.0.0,No
480,For sale,,600,Pink,Pink,No,NA,NA,SocksTexFootcover1,Free,51,10010,everyday; outdoorsy; sporty,NA,ultra no-show socks,NA,NA,All Year,Summer,120,1x1,3,Able Sisters,Available from either Mabel's temporary shop or Able Sisters shop,,Simple,Active,2ifRj79NaD3X4wXAR,Yes,Pink,1.0.0,No
480,For sale,,600,Green,Green,No,NA,NA,SocksTexFootcover3,Free,51,10012,everyday; outdoorsy; sporty,NA,ultra no-show socks,NA,NA,All Year,Summer,120,1x1,4,Able Sisters,Available from either Mabel's temporary shop or Able Sisters shop,,Simple,Active,rQG8qATgfDzfi392j,Yes,Olive,1.0.0,No
480,For sale,,600,Green,Green,No,NA,NA,SocksTexFootcover4,Free,51,10013,everyday; outdoorsy; sporty,NA,ultra no-show socks,NA,NA,All Year,Summer,120,1x1,5,Able Sisters,Available from either Mabel's temporary shop or Able Sisters shop,,Simple,Active,wKeAGu8o4PcjQ47EF,Yes,Green,1.0.0,No
480,For sale,,600,Blue,Blue,No,NA,NA,SocksTexFootcover0,Free,51,5167,everyday; outdoorsy; sporty,NA,ultra no-show socks,NA,NA,All Year,Summer,120,1x1,6,Able Sisters,Available from either Mabel's temporary shop or Able Sisters shop,,Simple,Active,EMiBarZr7cxvEFmmF,Yes,Blue,1.0.0,No
480,For sale,,600,Purple,Purple,No,NA,NA,SocksTexFootcover5,Free,51,10014,everyday; outdoorsy; sporty,NA,ultra no-show socks,NA,NA,All Year,Summer,120,1x1,7,Able Sisters,Available from either Mabel's temporary shop or Able Sisters shop,,Simple,Active,2KsDq7dXnzAhT6YqC,Yes,Purple,1.0.0,No
480,For sale,,600,Brown,Brown,No,NA,NA,SocksTexFootcover2,Free,51,10011,everyday; outdoorsy; sporty,NA,ultra no-show socks,NA,NA,All Year,Summer,120,1x1,8,Able Sisters,Available from either Mabel's temporary shop or Able Sisters shop,,Simple,Active,ddE25Lais494tdxrR,Yes,Brown,1.0.0,No
450,For sale,,1053,Red,Red,No,NA,NA,SocksTexVividleggings2,Free,51,9802,outdoorsy; party; theatrical,NA,vivid leggings,NA,NA,All Year,All Year,112,1x1,1,Able Sisters,Available from Able Sisters shop only,,Simple,Simple,srfYPBLHS6M55HMho,Yes,Red,1.0.0,No
450,For sale,,1053,Pink,Pink,No,NA,NA,SocksTexVividleggings3,Free,51,9803,outdoorsy; party; theatrical,NA,vivid leggings,NA,NA,All Year,All Year,112,1x1,2,Able Sisters,Available from Able Sisters shop only,,Simple,Simple,hPKNndPanerKb6ZNS,Yes,Pink,1.0.0,No
450,For sale,,1053,Orange,Orange,No,NA,NA,SocksTexVividleggings7,Free,51,9807,outdoorsy; party; theatrical,NA,vivid leggings,NA,NA,All Year,All Year,112,1x1,3,Able Sisters,Available from Able Sisters shop only,,Simple,Simple,yanC6fx5Xfpr7ihup,Yes,Orange,1.0.0,No
450,For sale,,1053,Yellow,Yellow,No,NA,NA,SocksTexVividleggings5,Free,51,9805,outdoorsy; party; theatrical,NA,vivid leggings,NA,NA,All Year,All Year,112,1x1,4,Able Sisters,Available from Able Sisters shop only,,Simple,Simple,4NsYzSi2uTXWPcfS9,Yes,Yellow,1.0.0,No
450,For sale,,1053,Green,Green,No,NA,NA,SocksTexVividleggings6,Free,51,9806,outdoorsy; party; theatrical,NA,vivid leggings,NA,NA,All Year,All Year,112,1x1,5,Able Sisters,Available from Able Sisters shop only,,Simple,Simple,wdaxnZxvxHNHFRKWD,Yes,Green,1.0.0,No
450,For sale,,1053,Aqua,Aqua,No,NA,NA,SocksTexVividleggings0,Free,51,9585,outdoorsy; party; theatrical,NA,vivid leggings,NA,NA,All Year,All Year,112,1x1,6,Able Sisters,Available from Able Sisters shop only,,Simple,Simple,DGfxSf7iWuTH9AZ8c,Yes,Light blue,1.0.0,No
450,For sale,,1053,Blue,Blue,No,NA,NA,SocksTexVividleggings4,Free,51,9804,outdoorsy; party; theatrical,NA,vivid leggings,NA,NA,All Year,All Year,112,1x1,7,Able Sisters,Available from Able Sisters shop only,,Simple,Simple,bY3ozoCphnPNSk9n2,Yes,Blue,1.0.0,No
450,For sale,,1053,Purple,Purple,No,NA,NA,SocksTexVividleggings1,Free,51,9801,outdoorsy; party; theatrical,NA,vivid leggings,NA,NA,All Year,All Year,112,1x1,8,Able Sisters,Available from Able Sisters shop only,,Simple,Simple,jvyWa8Rsq8xuwyRZf,Yes,Purple,1.0.0,No
480,For sale,,1002,Red,Red,No,NA,NA,SocksTexVividsocks0,Free,51,9643,everyday; party; theatrical,NA,vivid socks,NA,NA,All Year,All Year,120,1x1,1,Able Sisters,Available from Able Sisters shop only,,Simple,Simple,Rxro87k8H8TrwQXPd,Yes,Red,1.0.0,No
480,For sale,,1002,Pink,Pink,No,NA,NA,SocksTexVividsocks5,Free,51,10024,everyday; party; theatrical,NA,vivid socks,NA,NA,All Year,All Year,120,1x1,2,Able Sisters,Available from Able Sisters shop only,,Simple,Simple,zyPHqnaxf97p8Eoi7,Yes,Pink,1.0.0,No
480,For sale,,1002,Orange,Orange,No,NA,NA,SocksTexVividsocks6,Free,51,10025,everyday; party; theatrical,NA,vivid socks,NA,NA,All Year,All Year,120,1x1,3,Able Sisters,Available from Able Sisters shop only,,Simple,Simple,JEsGza6asSbSafpny,Yes,Orange,1.0.0,No
480,For sale,,1002,Yellow,Yellow,No,NA,NA,SocksTexVividsocks7,Free,51,10026,everyday; party; theatrical,NA,vivid socks,NA,NA,All Year,All Year,120,1x1,4,Able Sisters,Available from Able Sisters shop only,,Simple,Simple,TFPJBkLBn2W6qvHBg,Yes,Yellow,1.0.0,No
480,For sale,,1002,Green,Green,No,NA,NA,SocksTexStandard1,Free,51,6898,everyday; party; theatrical,NA,vivid socks,NA,NA,All Year,All Year,120,1x1,5,Able Sisters,Available from Able Sisters shop only,,Simple,Simple,XbHAbJtk9itLL6dyw,Yes,Green,1.0.0,No
480,For sale,,1002,Aqua,Aqua,No,NA,NA,SocksTexVividsocks2,Free,51,10021,everyday; party; theatrical,NA,vivid socks,NA,NA,All Year,All Year,120,1x1,6,Able Sisters,Available from Able Sisters shop only,,Simple,Simple,sFiwGiyfM7W228Rgj,Yes,Light blue,1.0.0,No
480,For sale,,1002,Blue,Blue,No,NA,NA,SocksTexVividsocks3,Free,51,10022,everyday; party; theatrical,NA,vivid socks,NA,NA,All Year,All Year,120,1x1,7,Able Sisters,Available from Able Sisters shop only,,Simple,Simple,XyvJ9o2uNuE5aD7cp,Yes,Blue,1.0.0,No
480,For sale,,1002,Purple,Purple,No,NA,NA,SocksTexVividsocks4,Free,51,10023,everyday; party; theatrical,NA,vivid socks,NA,NA,All Year,All Year,120,1x1,8,Able Sisters,Available from Able Sisters shop only,,Simple,Simple,FnwWCqqFdcHhjk3oc,Yes,Purple,1.0.0,No
720,For sale,,1051,Red,Red,No,NA,NA,SocksTexVividtights2,Free,51,9688,party; theatrical,NA,vivid tights,NA,NA,All Year,All Year,180,1x1,1,Able Sisters,Available from Able Sisters shop only,,Simple,Simple,8jhmSZM88ZfjBfpGq,Yes,Red,1.0.0,No
720,For sale,,1051,Pink,Pink,No,NA,NA,SocksTexVividtights3,Free,51,9689,party; theatrical,NA,vivid tights,NA,NA,All Year,All Year,180,1x1,2,Able Sisters,Available from Able Sisters shop only,,Simple,Simple,sG3bNkRZwchoYdELC,Yes,Pink,1.0.0,No
720,For sale,,1051,Orange,Orange,No,NA,NA,SocksTexVividtights7,Free,51,9693,party; theatrical,All Year,vivid tights,NA,NA,All Year,All Year,180,1x1,3,Able Sisters,Available from Able Sisters shop only,,Simple,Simple,yto8H9GL63QbRHstv,Yes,Orange,1.0.0,No
720,For sale,,1051,Yellow,Yellow,No,NA,NA,SocksTexVividtights5,Free,51,9691,party; theatrical,NA,vivid tights,NA,NA,All Year,All Year,180,1x1,4,Able Sisters,Available from Able Sisters shop only,,Simple,Simple,aNew9qmcaiXhYs4TP,Yes,Yellow,1.0.0,No
720,For sale,,1051,Green,Green,No,NA,NA,SocksTexVividtights6,Free,51,9692,party; theatrical,NA,vivid tights,NA,NA,All Year,All Year,180,1x1,5,Able Sisters,Available from Able Sisters shop only,,Simple,Simple,zJDaR6fzSJnk3fP6q,Yes,Green,1.0.0,No
720,For sale,,1051,Aqua,Aqua,No,NA,NA,SocksTexVividtights0,Free,51,9582,party; theatrical,NA,vivid tights,NA,NA,All Year,All Year,180,1x1,6,Able Sisters,Available from Able Sisters shop only,,Simple,Simple,yamdxgmHzN5NEB4FX,Yes,Light blue,1.0.0,No
720,For sale,,1051,Blue,Blue,No,NA,NA,SocksTexVividtights4,Free,51,9690,party; theatrical,NA,vivid tights,NA,NA,All Year,All Year,180,1x1,7,Able Sisters,Available from Able Sisters shop only,,Simple,Simple,a5TeestnouHpJzfS5,Yes,Blue,1.0.0,No
720,For sale,,1051,Purple,Purple,No,NA,NA,SocksTexVividtights1,Free,51,9687,party; theatrical,NA,vivid tights,NA,NA,All Year,All Year,180,1x1,8,Able Sisters,Available from Able Sisters shop only,,Simple,Simple,BwdAj9CGve2HkyoD6,Yes,Purple,1.0.0,No
600,For sale,,887,Black,Gray,No,NA,NA,SocksTexWave4,Free,23,9936,everyday,NA,wave-print socks,NA,NA,All Year,All Year,150,1x1,1,Kicks; Kicks' Co-op,,,Cool,Simple,pbQLWsjHhC4KZ9RrK,Yes,Gray,1.0.0,No
600,For sale,,887,Green,Green,No,NA,NA,SocksTexWave3,Free,23,9935,everyday,NA,wave-print socks,NA,NA,All Year,All Year,150,1x1,2,Kicks; Kicks' Co-op,,,Cool,Simple,ivn7QK5oi2HAJjocA,Yes,Green,1.0.0,No
600,For sale,,887,Blue,Aqua,No,NA,NA,SocksTexWave0,Free,23,5813,everyday,NA,wave-print socks,NA,NA,All Year,All Year,150,1x1,3,Kicks; Kicks' Co-op,,,Cool,Simple,dH74WoutZotxbpzxx,Yes,Blue,1.0.0,No
600,For sale,,887,Purple,Pink,No,NA,NA,SocksTexWave2,Free,23,9934,everyday,NA,wave-print socks,NA,NA,All Year,All Year,150,1x1,4,Kicks; Kicks' Co-op,,,Cool,Simple,Fodq95rD9FYWdxTWD,Yes,Purple,1.0.0,No
600,For sale,,887,Brown,Beige,No,NA,NA,SocksTexWave1,Free,23,9933,everyday,NA,wave-print socks,NA,NA,All Year,All Year,150,1x1,5,Kicks; Kicks' Co-op,,,Cool,Simple,PL58yC9hm87C7NE4u,Yes,Brown,1.0.0,No
